player,solo_tkl,ast_tkl,tot_tkl,tfl,tfl_yards,sacks,sack_yards,FF,FR,FR_yards,interceptions,pbu,blks,QBH,year,opponent
Aaron McGee,4,11,15,1.0,2,0,0,1,0,0,0,0,0,0,2012,Notre Dame College (Ohio)
Keith Polson,4,10,14,0,0,0,0,0,0,0,0,0,0,0,2012,Notre Dame College (Ohio)
Dustin Galich,4,7,11,0.5,1,0,0,0,0,0,0,0,0,0,2012,Notre Dame College (Ohio)
Todd Wingate,2,7,9,0,0,0,0,0,0,0,0,0,0,0,2012,Notre Dame College (Ohio)
Deonte Huggins,5,3,8,1.0,5,0,0,0,0,0,1-31,1,0,0,2012,Notre Dame College (Ohio)
L.J. Stevens,1,7,8,0,0,0,0,0,0,0,0,0,0,0,2012,Notre Dame College (Ohio)
Nick Jackson,0,6,6,0,0,0,0,0,0,0,0,0,0,0,2012,Notre Dame College (Ohio)
Matt Hyland,1,4,5,1.5,3,0,0,0,0,0,0,0,0,0,2012,Notre Dame College (Ohio)
Sascha Craig,1,4,5,0,0,0,0,0,0,0,0,0,0,0,2012,Notre Dame College (Ohio)
Pat Behm,1,3,4,0,0,0,0,0,0,0,0,0,0,0,2012,Notre Dame College (Ohio)
Serge Augustin,1,3,4,1.0,3,0,0,0,0,0,0,0,0,0,2012,Notre Dame College (Ohio)
Mike Brown,2,1,3,0,0,0,0,0,0,0,0,1,0,0,2012,Notre Dame College (Ohio)
Garrett Wild,0,3,3,0,0,0,0,0,0,0,0,0,0,0,2012,Notre Dame College (Ohio)
Niko Otto,0,3,3,0,0,0,0,0,0,0,0,0,0,0,2012,Notre Dame College (Ohio)
Ricky Mathews,0,1,1,0,0,0,0,0,0,0,0,0,0,0,2012,Notre Dame College (Ohio)
Colin Kimball,1,0,1,0,0,0,0,0,0,0,0,0,0,0,2012,Notre Dame College (Ohio)
L. Robinson,1,0,1,0,0,0,0,1,1,14,0,0,0,0,2012,Notre Dame College (Ohio)
Chris Lyle,1,0,1,0,0,0,0,0,0,0,0,0,0,0,2012,Notre Dame College (Ohio)
Martin Oduho,0,1,1,0,0,0,0,0,0,0,0,0,0,0,2012,Notre Dame College (Ohio)
Leon Gallop,0,1,1,0,0,0,0,0,0,0,0,0,0,0,2012,Notre Dame College (Ohio)
Michael Foster,0,1,1,0,0,0,0,0,0,0,0,0,0,0,2012,Notre Dame College (Ohio)
Bobby Haraczy,0,1,1,0,0,0,0,0,0,0,0,1,0,0,2012,Notre Dame College (Ohio)
Tyler Dawson,1,0,1,0,0,0,0,0,0,0,0,0,0,0,2012,Notre Dame College (Ohio)
Matt Molle',1,0,1,0,0,0,0,0,0,0,0,0,0,0,2012,Notre Dame College (Ohio)
Tyler Houston,0,1,1,0,0,0,0,0,0,0,0,0,0,0,2012,Notre Dame College (Ohio)
Aunre' Davis,0,0,0,0,0,0,0,0,0,0,0,1,0,0,2012,Notre Dame College (Ohio)
Keith Polson,3,4,7,0,0,0,0,0,0,0,0,0,0,0,2012,Millersville University
Dustin Galich,2,5,7,1.5,2,0.5,2,0,0,0,0,0,0,0,2012,Millersville University
Nick Jackson,2,4,6,1.0,1,1.0,1,0,0,0,0,0,0,0,2012,Millersville University
Bobby Haraczy,0,6,6,0.5,1,0,0,0,0,0,0,0,0,0,2012,Millersville University
L. Robinson,2,3,5,0,0,0,0,0,0,0,1-0,0,0,0,2012,Millersville University
Pat Behm,4,1,5,1.0,3,0,0,0,0,0,0,1,0,0,2012,Millersville University
Niko Otto,1,4,5,0.5,1,0.5,1,0,0,0,0,0,0,0,2012,Millersville University
Aunre' Davis,3,1,4,0,0,0,0,0,0,0,0,0,0,0,2012,Millersville University
Mike Brown,1,3,4,0.5,1,0,0,0,0,0,0,0,0,0,2012,Millersville University
Todd Wingate,3,1,4,0,0,0,0,0,0,0,0,1,0,0,2012,Millersville University
Aaron McGee,2,1,3,1.0,8,1.0,8,0,0,0,0,0,0,0,2012,Millersville University
Joe Dever,2,1,3,1.0,1,0,0,0,0,0,0,0,0,0,2012,Millersville University
Curtis Hansford,2,1,3,1.5,12,0,0,0,0,0,0,0,0,0,2012,Millersville University
Matt Hyland,0,3,3,0.5,1,0,0,0,0,0,0,0,0,0,2012,Millersville University
Serge Augustin,2,1,3,2.0,8,2.0,8,0,0,0,0,0,0,0,2012,Millersville University
Chris Lyle,0,2,2,0,0,0,0,0,0,0,0,0,0,0,2012,Millersville University
Michael Foster,2,0,2,1.0,2,0,0,0,0,0,0,1,0,0,2012,Millersville University
Garrett Wild,1,1,2,0,0,0,0,0,0,0,0,0,0,0,2012,Millersville University
Tyler Houston,1,1,2,0.5,2,0.5,2,0,0,0,0,0,0,0,2012,Millersville University
Deonte Huggins,0,1,1,0,0,0,0,0,0,0,0,0,0,0,2012,Millersville University
Ricky Mathews,1,0,1,0,0,0,0,0,0,0,0,0,0,0,2012,Millersville University
Josh Harold,1,0,1,0,0,0,0,0,0,0,0,0,0,0,2012,Millersville University
Martin Oduho,0,1,1,0,0,0,0,0,0,0,0,0,0,0,2012,Millersville University
Jeremy Baronner,0,1,1,0,0,0,0,0,0,0,0,0,0,0,2012,Millersville University
T.J. Latimer,0,1,1,0,0,0,0,0,0,0,0,0,0,0,2012,Millersville University
Steve Yarbrough,1,0,1,0,0,0,0,0,0,0,0,0,0,0,2012,Millersville University
Sascha Craig,0,1,1,0.5,2,0.5,2,0,0,0,0,0,0,0,2012,Millersville University
Aaron McGee,2,7,9,0,0,0,0,0,0,0,0,0,0,0,2012,Clarion University
Keith Polson,5,3,8,0,0,0,0,0,0,0,0,0,0,0,2012,Clarion University
Aunre' Davis,3,3,6,0.5,1,0,0,0,0,0,0,0,0,0,2012,Clarion University
L.J. Stevens,2,3,5,0,0,0,0,0,0,0,0,0,0,0,2012,Clarion University
Pat Behm,4,1,5,0,0,0,0,0,0,0,0,0,0,0,2012,Clarion University
Niko Otto,1,4,5,1.0,2,0,0,0,0,0,0,0,0,0,2012,Clarion University
Dustin Galich,2,3,5,1.5,5,1.0,4,0,0,0,0,0,0,0,2012,Clarion University
Matt Hyland,0,5,5,0.5,1,0,0,0,0,0,0,0,0,0,2012,Clarion University
Todd Wingate,2,2,4,0,0,0,0,0,0,0,0,2,0,0,2012,Clarion University
Nick Jackson,1,3,4,0.5,0,0,0,0,0,0,0,0,0,0,2012,Clarion University
Garrett Wild,1,2,3,0.5,0,0,0,0,0,0,0,0,0,0,2012,Clarion University
Serge Augustin,0,3,3,0,0,0,0,0,0,0,0,0,0,0,2012,Clarion University
Deonte Huggins,2,0,2,0,0,0,0,0,0,0,0,2,0,0,2012,Clarion University
Mike Brown,0,2,2,0,0,0,0,0,0,0,0,0,0,0,2012,Clarion University
Martin Oduho,1,1,2,0,0,0,0,1,0,0,0,0,0,0,2012,Clarion University
Michael Foster,1,1,2,0,0,0,0,0,0,0,0,0,0,0,2012,Clarion University
T.J. Latimer,1,1,2,0,0,0,0,0,0,0,0,0,0,0,2012,Clarion University
Colin Kimball,1,0,1,0,0,0,0,0,0,0,0,0,0,0,2012,Clarion University
L. Robinson,0,1,1,0.5,1,0,0,0,0,0,0,2,0,0,2012,Clarion University
Bobby Haraczy,1,0,1,0,0,0,0,0,0,0,0,0,0,0,2012,Clarion University
Curtis Hansford,0,1,1,0,0,0,0,0,0,0,0,0,0,0,2012,Clarion University
Sascha Craig,1,0,1,0,0,0,0,0,0,0,0,0,0,0,2012,Clarion University
Vladmir Rock,0,0,0,0,0,0,0,0,0,0,0,0,2,0,2012,Clarion University
Chris Lyle,0,0,0,0,0,0,0,0,0,0,0,0,1,0,2012,Clarion University
Nick Jackson,2,5,7,0.5,2,0,0,0,0,0,0,0,0,0,2012,Slippery Rock University
Aaron McGee,4,3,7,0,0,0,0,0,0,0,0,0,0,0,2012,Slippery Rock University
Keith Polson,4,2,6,0,0,0,0,0,0,0,0,1,0,0,2012,Slippery Rock University
Todd Wingate,3,3,6,2.0,6,0,0,2,1,0,0,0,0,0,2012,Slippery Rock University
L.J. Stevens,4,2,6,0,0,0,0,0,0,0,0,1,0,0,2012,Slippery Rock University
Matt Hyland,1,4,5,0.5,1,0,0,0,0,0,0,0,0,0,2012,Slippery Rock University
Serge Augustin,2,3,5,2.5,12,2.0,10,1,0,0,0,0,0,0,2012,Slippery Rock University
Garrett Wild,4,0,4,0,0,0,0,0,0,0,0,0,0,0,2012,Slippery Rock University
Ricky Mathews,2,1,3,2.0,11,2.0,11,0,0,0,0,0,0,0,2012,Slippery Rock University
Michael Foster,1,2,3,0,0,0,0,0,0,0,0,1,0,0,2012,Slippery Rock University
Pat Behm,1,2,3,1.0,2,0,0,0,0,0,0,0,0,0,2012,Slippery Rock University
Niko Otto,0,3,3,0.5,1,0,0,0,0,0,0,0,0,0,2012,Slippery Rock University
Tyler Houston,1,2,3,0,0,0,0,0,0,0,0,0,0,0,2012,Slippery Rock University
Sascha Craig,1,2,3,0,0,0,0,0,0,0,0,0,0,0,2012,Slippery Rock University
Aunre' Davis,1,1,2,0,0,0,0,0,0,0,0,0,0,0,2012,Slippery Rock University
Mike Brown,2,0,2,0,0,0,0,0,0,0,0,0,0,0,2012,Slippery Rock University
Colin Kimball,1,1,2,0,0,0,0,0,0,0,0,1,0,0,2012,Slippery Rock University
Curtis Hansford,0,2,2,1.0,3,0,0,0,0,0,0,0,0,0,2012,Slippery Rock University
Deonte Huggins,1,0,1,0,0,0,0,0,0,0,0,1,0,0,2012,Slippery Rock University
Chris Lyle,0,1,1,0,0,0,0,0,0,0,0,0,0,0,2012,Slippery Rock University
Bobby Haraczy,1,0,1,0,0,0,0,0,0,0,0,0,0,0,2012,Slippery Rock University
T.J. Latimer,0,1,1,0,0,0,0,0,0,0,0,0,0,0,2012,Slippery Rock University
S. Wakefield,1,0,1,0,0,0,0,0,0,0,0,0,0,0,2012,Slippery Rock University
Keith Polson,5,0,5,0,0,0,0,0,0,0,0,0,0,0,2012,Cheyney University
T.J. Latimer,5,0,5,0,0,0,0,0,0,0,0,0,1,0,2012,Cheyney University
Matt Hyland,3,2,5,0.5,3,0.5,3,0,0,0,0,0,0,0,2012,Cheyney University
Niko Otto,3,1,4,0,0,0,0,0,0,0,0,0,0,0,2012,Cheyney University
L.J. Stevens,3,0,3,1.0,2,0,0,0,0,0,0,0,0,0,2012,Cheyney University
L. Robinson,3,0,3,0,0,0,0,0,0,0,0,0,0,0,2012,Cheyney University
Nick Jackson,3,0,3,0,0,0,0,0,0,0,0,0,0,0,2012,Cheyney University
Joe Dever,3,0,3,2.0,9,0,0,0,0,0,0,0,0,0,2012,Cheyney University
Serge Augustin,2,1,3,1.5,5,0.5,2,0,0,0,0,0,0,0,2012,Cheyney University
Aunre' Davis,2,0,2,0,0,0,0,0,0,0,0,1,0,0,2012,Cheyney University
Chris Lyle,2,0,2,0,0,0,0,0,0,0,0,0,0,0,2012,Cheyney University
Aaron McGee,2,0,2,0,0,0,0,0,0,0,0,0,0,0,2012,Cheyney University
Michael Foster,2,0,2,0,0,0,0,0,0,0,0,0,0,0,2012,Cheyney University
Tyler Houston,2,0,2,0,0,0,0,0,0,0,0,0,0,0,2012,Cheyney University
Allen Jones II,1,0,1,0,0,0,0,0,0,0,0,0,0,0,2012,Cheyney University
Mike Brown,1,0,1,0,0,0,0,0,0,0,0,1,0,0,2012,Cheyney University
Devyn Woods,1,0,1,0,0,0,0,0,0,0,0,0,0,0,2012,Cheyney University
Todd Wingate,0,1,1,0,0,0,0,0,0,0,0,0,0,0,2012,Cheyney University
Ricky Mathews,0,1,1,0,0,0,0,0,0,0,0,0,0,0,2012,Cheyney University
Josh Harold,1,0,1,0,0,0,0,0,0,0,0,0,0,0,2012,Cheyney University
Martin Oduho,1,0,1,0,0,0,0,0,0,0,0,0,0,0,2012,Cheyney University
Danny Teal,1,0,1,0,0,0,0,0,0,0,0,0,0,0,2012,Cheyney University
Jeff Groene,0,1,1,0,0,0,0,0,0,0,0,0,0,0,2012,Cheyney University
Garrett Wild,0,1,1,0,0,0,0,0,0,0,0,1,0,0,2012,Cheyney University
Curtis Hansford,1,0,1,0,0,0,0,0,0,0,0,0,0,0,2012,Cheyney University
Colin Kimball,0,0,0,0,0,0,0,0,0,0,0,1,0,0,2012,Cheyney University
Pat Behm,0,0,0,0,0,0,0,0,1,0,0,0,0,0,2012,Cheyney University
L.J. Stevens,4,3,7,2.0,8,1.0,7,0,0,0,0,0,0,0,2012,Lock Haven University
L. Robinson,4,1,5,0,0,0,0,0,0,0,0,2,0,0,2012,Lock Haven University
Keith Polson,3,1,4,0,0,0,0,0,0,0,0,0,0,0,2012,Lock Haven University
Martin Oduho,1,3,4,0,0,0,0,0,0,0,0,0,0,0,2012,Lock Haven University
Aaron McGee,2,2,4,1.0,2,0,0,0,0,0,0,0,0,0,2012,Lock Haven University
T.J. Latimer,3,1,4,0,0,0,0,0,0,0,0,0,0,0,2012,Lock Haven University
Aunre' Davis,1,2,3,0,0,0,0,0,0,0,0,0,0,0,2012,Lock Haven University
Niko Otto,3,0,3,0,0,0,0,0,0,0,0,0,0,0,2012,Lock Haven University
Matt Hyland,0,3,3,0.5,1,0,0,0,0,0,0,0,0,0,2012,Lock Haven University
Serge Augustin,1,2,3,1.0,4,0,0,0,0,0,0,0,0,0,2012,Lock Haven University
Deonte Huggins,2,0,2,0,0,0,0,0,0,0,0,0,0,0,2012,Lock Haven University
Nick Jackson,0,2,2,0,0,0,0,0,0,0,0,0,0,0,2012,Lock Haven University
Pat Behm,1,1,2,0,0,0,0,0,0,0,0,0,0,0,2012,Lock Haven University
Bobby Haraczy,0,2,2,0,0,0,0,0,0,0,0,0,0,0,2012,Lock Haven University
Curtis Hansford,1,1,2,0,0,0,0,0,0,0,0,0,0,0,2012,Lock Haven University
Mike Brown,1,0,1,0,0,0,0,0,0,0,0,0,0,0,2012,Lock Haven University
Colin Kimball,1,0,1,0,0,0,0,0,0,0,0,0,0,0,2012,Lock Haven University
Garrett Wild,1,0,1,1.0,3,0,0,0,0,0,0,0,0,0,2012,Lock Haven University
Nick Kurpakus,1,0,1,0,0,0,0,0,0,0,0,0,0,0,2012,Lock Haven University
Kevin Poropat,0,1,1,0.5,0,0,0,0,0,0,0,0,0,0,2012,Lock Haven University
Tyler Houston,0,1,1,0,0,0,0,0,0,0,0,0,0,0,2012,Lock Haven University
Deonte Huggins,3,3,6,2.0,6,0,0,0,0,0,0,0,0,0,2012,Gannon University
Todd Wingate,3,2,5,0,0,0,0,0,0,0,0,0,0,0,2012,Gannon University
L.J. Stevens,1,4,5,0,0,0,0,0,1,11,1-9,1,0,0,2012,Gannon University
Colin Kimball,3,2,5,0,0,0,0,0,0,0,0,0,0,0,2012,Gannon University
Matt Hyland,2,2,4,1.5,4,1.5,4,0,0,0,0,0,0,0,2012,Gannon University
Aunre' Davis,2,1,3,0,0,0,0,0,0,0,0,1,0,0,2012,Gannon University
Mike Brown,2,1,3,0,0,0,0,0,1,25,0,0,0,0,2012,Gannon University
Nick Jackson,2,1,3,1.0,4,0,0,0,0,0,0,0,0,0,2012,Gannon University
Martin Oduho,2,1,3,0,0,0,0,0,0,0,0,0,0,0,2012,Gannon University
Curtis Hansford,0,3,3,0.5,3,0.5,3,0,0,0,0,0,0,0,2012,Gannon University
Ricky Mathews,2,0,2,0,0,0,0,0,0,0,0,0,0,0,2012,Gannon University
Aaron McGee,2,0,2,1.0,7,1.0,7,0,0,0,0,0,0,0,2012,Gannon University
Pat Behm,1,1,2,0,0,0,0,0,0,0,0,1,0,0,2012,Gannon University
Niko Otto,1,1,2,0,0,0,0,0,0,0,0,0,0,0,2012,Gannon University
Dustin Galich,2,0,2,1.0,4,1.0,4,0,0,0,0,0,0,0,2012,Gannon University
Serge Augustin,1,1,2,1.0,6,1.0,6,0,0,0,0,0,0,0,2012,Gannon University
Vladmir Rock,1,0,1,0,0,0,0,0,0,0,0,0,0,0,2012,Gannon University
L. Robinson,1,0,1,0,0,0,0,1,0,0,1-0,3,0,0,2012,Gannon University
Chris Lyle,1,0,1,0,0,0,0,0,0,0,0,0,0,0,2012,Gannon University
Leon Gallop,1,0,1,0,0,0,0,0,0,0,0,0,0,0,2012,Gannon University
Michael Foster,1,0,1,0,0,0,0,0,0,0,0,0,0,0,2012,Gannon University
Garrett Wild,1,0,1,0,0,0,0,1,1,0,0,0,0,0,2012,Gannon University
Nick Kurpakus,1,0,1,0,0,0,0,0,0,0,0,0,0,0,2012,Gannon University
Tyler Houston,0,1,1,0,0,0,0,0,0,0,0,0,0,0,2012,Gannon University
Aaron McGee,4,5,9,0,0,0,0,0,0,0,0,0,0,0,2012,Indiana University of Pennsylvania
Dustin Galich,3,5,8,0.5,2,0,0,0,0,0,0,0,0,0,2012,Indiana University of Pennsylvania
Keith Polson,5,1,6,0,0,0,0,0,0,0,0,0,0,0,2012,Indiana University of Pennsylvania
Todd Wingate,4,2,6,1.0,2,0,0,0,0,0,0,0,0,0,2012,Indiana University of Pennsylvania
L.J. Stevens,2,3,5,1.0,1,0,0,0,0,0,0,0,0,0,2012,Indiana University of Pennsylvania
Nick Jackson,3,2,5,0,0,0,0,1,0,0,0,1,0,0,2012,Indiana University of Pennsylvania
Niko Otto,0,5,5,0.5,1,0,0,0,0,0,0,0,0,0,2012,Indiana University of Pennsylvania
Deonte Huggins,2,1,3,0,0,0,0,0,0,0,0,0,0,0,2012,Indiana University of Pennsylvania
Aunre' Davis,2,0,2,0,0,0,0,0,0,0,0,1,0,0,2012,Indiana University of Pennsylvania
Colin Kimball,2,0,2,0,0,0,0,0,0,0,0,0,0,0,2012,Indiana University of Pennsylvania
T.J. Latimer,2,0,2,0,0,0,0,0,0,0,0,0,0,0,2012,Indiana University of Pennsylvania
Vladmir Rock,0,1,1,0,0,0,0,0,0,0,0,0,0,0,2012,Indiana University of Pennsylvania
Mike Brown,0,1,1,0,0,0,0,0,0,0,0,0,0,0,2012,Indiana University of Pennsylvania
Ricky Mathews,0,1,1,0,0,0,0,0,0,0,0,0,0,0,2012,Indiana University of Pennsylvania
Pat Behm,0,1,1,0,0,0,0,0,0,0,0,0,0,0,2012,Indiana University of Pennsylvania
Garrett Wild,0,1,1,0,0,0,0,0,0,0,0,0,0,0,2012,Indiana University of Pennsylvania
Matt Hyland,0,1,1,0,0,0,0,0,0,0,0,0,0,0,2012,Indiana University of Pennsylvania
Michael Foster,0,0,0,0,0,0,0,0,0,0,0,1,0,0,2012,Indiana University of Pennsylvania
Dustin Galich,3,9,12,0.5,1,0,0,0,2,0,0,0,0,0,2012,Edinboro University
Pat Behm,2,8,10,1.5,6,1.5,6,1,0,0,0,0,0,0,2012,Edinboro University
Michael Foster,5,4,9,1.0,2,0,0,0,0,0,0,1,0,0,2012,Edinboro University
Colin Kimball,4,3,7,1.0,1,0,0,0,0,0,0,1,0,0,2012,Edinboro University
Aaron McGee,1,6,7,0,0,0,0,0,0,0,0,0,0,0,2012,Edinboro University
Nick Jackson,1,5,6,1.0,3,0.5,1,0,0,0,0,0,0,0,2012,Edinboro University
Niko Otto,2,3,5,1.0,5,1.0,5,1,0,0,0,0,0,0,2012,Edinboro University
L. Robinson,4,0,4,0,0,0,0,0,0,0,0,1,0,0,2012,Edinboro University
Vladmir Rock,3,0,3,0,0,0,0,0,0,0,0,0,0,0,2012,Edinboro University
Matt Hyland,1,2,3,1.0,1,1.0,1,0,0,0,0,0,0,0,2012,Edinboro University
Deonte Huggins,2,0,2,1.0,3,0,0,0,0,0,0,0,0,0,2012,Edinboro University
Mike Brown,2,0,2,0,0,0,0,0,0,0,0,0,0,0,2012,Edinboro University
Todd Wingate,0,2,2,0,0,0,0,0,0,0,0,0,0,0,2012,Edinboro University
Serge Augustin,1,1,2,1.0,8,1.0,8,0,0,0,0,0,0,0,2012,Edinboro University
Ozzie Lumpkin,1,0,1,0,0,0,0,0,0,0,0,0,0,0,2012,Edinboro University
Ricky Mathews,0,1,1,0,0,0,0,0,0,0,0,0,0,0,2012,Edinboro University
Chris Lyle,0,1,1,0,0,0,0,0,0,0,0,0,0,0,2012,Edinboro University
Bobby Haraczy,1,0,1,0,0,0,0,0,0,0,0,0,0,0,2012,Edinboro University
Garrett Wild,0,1,1,0,0,0,0,0,0,0,0,0,0,0,2012,Edinboro University
Curtis Hansford,0,1,1,0,0,0,0,0,0,0,0,0,0,0,2012,Edinboro University
T.J. Latimer,0,1,1,0,0,0,0,0,0,0,0,0,0,0,2012,Edinboro University
Tyler Dawson,1,0,1,0,0,0,0,0,0,0,0,0,0,0,2012,Edinboro University
L.J. Stevens,2,3,5,0,0,0,0,0,1,0,1-0,0,0,0,2012,California University of Pennsylvania
Niko Otto,1,4,5,0,0,0,0,0,0,0,0,0,0,0,2012,California University of Pennsylvania
Keith Polson,2,2,4,0,0,0,0,0,0,0,0,0,0,0,2012,California University of Pennsylvania
Todd Wingate,4,0,4,0,0,0,0,0,0,0,0,0,0,0,2012,California University of Pennsylvania
Nick Jackson,2,2,4,1.0,9,1.0,9,0,0,0,0,0,0,0,2012,California University of Pennsylvania
Michael Foster,2,2,4,0,0,0,0,0,0,0,0,2,0,0,2012,California University of Pennsylvania
Pat Behm,3,1,4,0,0,0,0,0,0,0,0,0,0,0,2012,California University of Pennsylvania
Bobby Haraczy,2,2,4,0.5,0,0,0,0,0,0,0,0,0,0,2012,California University of Pennsylvania
Matt Hyland,0,4,4,0,0,0,0,0,0,0,0,0,0,0,2012,California University of Pennsylvania
L. Robinson,3,0,3,0,0,0,0,0,0,0,1-52,0,0,0,2012,California University of Pennsylvania
Aaron McGee,0,3,3,0,0,0,0,0,0,0,0,0,0,0,2012,California University of Pennsylvania
Dustin Galich,1,2,3,0,0,0,0,0,0,0,0,0,0,0,2012,California University of Pennsylvania
Serge Augustin,2,1,3,1.5,4,0,0,0,0,0,0,0,0,0,2012,California University of Pennsylvania
Deonte Huggins,0,2,2,0,0,0,0,0,0,0,0,1,0,0,2012,California University of Pennsylvania
Josh Harold,1,1,2,0,0,0,0,0,0,0,0,0,0,0,2012,California University of Pennsylvania
Nick Kurpakus,0,2,2,0,0,0,0,0,0,0,0,0,0,0,2012,California University of Pennsylvania
T.J. Latimer,1,1,2,0,0,0,0,0,1,0,0,0,0,0,2012,California University of Pennsylvania
Vladmir Rock,1,0,1,0,0,0,0,0,0,0,0,0,0,0,2012,California University of Pennsylvania
Ricky Mathews,0,1,1,0,0,0,0,0,0,0,0,0,0,0,2012,California University of Pennsylvania
Colin Kimball,1,0,1,0,0,0,0,0,0,0,0,1,0,0,2012,California University of Pennsylvania
Chris Lyle,1,0,1,0,0,0,0,1,0,0,0,0,0,0,2012,California University of Pennsylvania
Joe Dever,1,0,1,0,0,0,0,0,0,0,0,0,0,0,2012,California University of Pennsylvania
Garrett Wild,0,1,1,0,0,0,0,0,0,0,0,0,0,0,2012,California University of Pennsylvania
Curtis Hansford,0,1,1,0,0,0,0,0,0,0,0,0,0,0,2012,California University of Pennsylvania
Kevin Poropat,0,1,1,0,0,0,0,0,0,0,0,0,0,0,2012,California University of Pennsylvania
Aaron McGee,4,3,7,0,0,0,0,0,0,0,1-0,1,0,0,2012,East Stroudsburg University
Pat Behm,3,4,7,0,0,0,0,0,0,0,0,0,0,0,2012,East Stroudsburg University
Dustin Galich,3,4,7,0.5,5,0.5,5,0,0,0,0,1,0,0,2012,East Stroudsburg University
Keith Polson,1,5,6,0,0,0,0,0,0,0,0,0,0,0,2012,East Stroudsburg University
Matt Hyland,2,4,6,1.0,4,1.0,4,0,0,0,0,0,0,0,2012,East Stroudsburg University
L.J. Stevens,4,1,5,0,0,0,0,0,0,0,0,1,0,0,2012,East Stroudsburg University
Serge Augustin,1,4,5,1.5,6,1.5,6,0,0,0,0,0,0,0,2012,East Stroudsburg University
Nick Jackson,2,2,4,0,0,0,0,0,0,0,1-2,0,0,0,2012,East Stroudsburg University
Michael Foster,1,3,4,0,0,0,0,0,0,0,0,0,0,0,2012,East Stroudsburg University
Bobby Haraczy,2,2,4,0,0,0,0,0,0,0,0,0,0,0,2012,East Stroudsburg University
Deonte Huggins,2,1,3,0,0,0,0,0,0,0,0,0,0,0,2012,East Stroudsburg University
Mike Brown,2,1,3,0,0,0,0,0,0,0,0,0,0,0,2012,East Stroudsburg University
Todd Wingate,3,0,3,0,0,0,0,0,0,0,0,1,0,0,2012,East Stroudsburg University
Vladmir Rock,1,1,2,0,0,0,0,0,0,0,0,0,0,0,2012,East Stroudsburg University
L. Robinson,1,1,2,0,0,0,0,0,0,0,0,0,0,0,2012,East Stroudsburg University
Garrett Wild,2,0,2,0,0,0,0,0,0,0,0,0,0,0,2012,East Stroudsburg University
Curtis Hansford,1,1,2,0,0,0,0,0,0,0,0,0,0,0,2012,East Stroudsburg University
T.J. Latimer,0,2,2,0,0,0,0,0,0,0,0,0,0,0,2012,East Stroudsburg University
Josh Harold,1,0,1,0,0,0,0,0,0,0,0,0,0,0,2012,East Stroudsburg University
Nick Kurpakus,1,0,1,0,0,0,0,0,0,0,0,0,0,0,2012,East Stroudsburg University
Kevin Poropat,0,1,1,0,0,0,0,0,0,0,0,0,0,0,2012,East Stroudsburg University
Jaquan Williams,0,1,1,0,0,0,0,0,0,0,0,0,0,0,2012,East Stroudsburg University
Tevin Stewart,0,0,0,0,0,0,0,0,0,0,1-0,0,0,0,2012,East Stroudsburg University
Niko Otto,0,0,0,0,0,0,0,0,0,0,0,1,0,0,2012,East Stroudsburg University
Pat Behm,4,2,6,0,0,0,0,0,0,0,0,0,0,0,2013,Bentley University
Keith Polson,4,1,5,1.0,2,0,0,0,0,0,0,0,0,0,2013,Bentley University
Michael Foster,4,1,5,0,0,0,0,0,0,0,0,0,0,0,2013,Bentley University
Joe Dever,5,0,5,0,0,0,0,0,0,0,0,0,0,0,2013,Bentley University
Aunre' Davis,4,0,4,0,0,0,0,0,0,0,0,0,0,0,2013,Bentley University
Mike Brown,3,1,4,2.0,9,0,0,0,0,0,0,0,0,0,2013,Bentley University
Tevin Stewart,3,1,4,0,0,0,0,0,0,0,0,0,0,0,2013,Bentley University
Dustin Galich,3,1,4,1.0,1,0,0,0,0,0,0,0,0,1,2013,Bentley University
Allen Jones II,3,0,3,0,0,0,0,0,0,0,0,0,0,0,2013,Bentley University
Colin Kimball,2,1,3,0,0,0,0,0,0,0,1-0,0,0,0,2013,Bentley University
T.J. Latimer,1,2,3,0,0,0,0,0,0,0,0,0,0,0,2013,Bentley University
Bobby Haraczy,1,1,2,0,0,0,0,0,0,0,0,0,0,0,2013,Bentley University
Matt Hyland,1,1,2,1.0,1,0,0,0,0,0,0,0,0,0,2013,Bentley University
Vladmir Rock,1,0,1,0,0,0,0,0,0,0,0,0,0,0,2013,Bentley University
Ricky Mathews,1,0,1,0,0,0,0,0,0,0,0,0,0,0,2013,Bentley University
K. Robinson Jr.,1,0,1,0,0,0,0,0,0,0,0,0,0,0,2013,Bentley University
Garrett Wild,1,0,1,0,0,0,0,0,0,0,0,0,1,0,2013,Bentley University
Ryan Carroll,0,1,1,0,0,0,0,0,0,0,0,0,0,0,2013,Bentley University
Curtis Hansford,0,0,0,0,0,0,0,0,0,0,0,0,0,1,2013,Bentley University
Michael Foster,4,2,6,0,0,0,0,0,0,0,0,1,0,0,2013,Millersville University
Ricky Mathews,4,2,6,0,0,0,0,1,0,0,0,0,0,0,2013,Millersville University
Niko Otto,4,2,6,0,0,0,0,0,0,0,0,0,0,0,2013,Millersville University
Mike Brown,4,1,5,2.0,10,1.0,8,1,0,0,1-23,0,0,0,2013,Millersville University
Colin Kimball,4,1,5,0,0,0,0,0,0,0,2-86,0,0,0,2013,Millersville University
Sean Powell,2,3,5,0,0,0.5,0,0,0,0,0,0,0,0,2013,Millersville University
Tevin Stewart,4,0,4,0,0,0,0,0,0,0,0,0,0,0,2013,Millersville University
Dorian Stevens,3,1,4,0,0,0,0,0,0,0,0,0,0,0,2013,Millersville University
Pat Behm,4,0,4,0,0,0,0,0,0,0,0,0,0,0,2013,Millersville University
Curtis Hansford,2,2,4,1.0,6,1.0,6,0,0,0,0,0,0,0,2013,Millersville University
K. Robinson Jr.,2,1,3,0,0,0,0,0,0,0,0,0,0,0,2013,Millersville University
Garrett Wild,2,1,3,1.0,4,1.0,4,1,0,0,0,1,1,0,2013,Millersville University
Dustin Galich,2,1,3,1.0,1,0,0,0,0,0,0,0,0,0,2013,Millersville University
Matt Hyland,3,0,3,1.0,3,0,0,0,0,0,0,0,0,0,2013,Millersville University
Keith Polson,2,0,2,0,0,0,0,0,0,0,0,0,0,0,2013,Millersville University
V. Williams,2,0,2,1.0,7,1.0,7,0,0,0,0,0,0,0,2013,Millersville University
Joe Dever,2,0,2,0,0,0,0,0,1,0,0,0,0,0,2013,Millersville University
Serge Augustin,2,0,2,2.0,16,2.0,16,1,0,0,0,0,0,0,2013,Millersville University
Allen Jones II,1,0,1,0,0,0,0,0,0,0,0,0,0,0,2013,Millersville University
T.J. Latimer,0,1,1,0,0,0,0,0,0,0,0,0,0,0,2013,Millersville University
J. Dolegala,1,0,1,0,0,0,0,0,0,0,0,1,0,0,2013,Millersville University
B. Abercrombie,1,0,1,0,0,0,0,0,0,0,0,0,0,0,2013,Millersville University
Niko Otto,1,8,9,0,0,0,0,0,0,0,0,0,0,0,2013,Clarion University
Pat Behm,2,6,8,0,0,0,0,0,0,0,0,0,0,0,2013,Clarion University
Garrett Wild,1,7,8,1.0,4,0,0,0,0,0,0,0,0,0,2013,Clarion University
Dustin Galich,5,3,8,2.0,7,0,0,1,0,0,0,0,0,0,2013,Clarion University
Michael Foster,5,1,6,0,0,0,0,0,0,0,0,0,0,0,2013,Clarion University
Tevin Stewart,3,3,6,0,0,0,0,0,1,0,1-4,0,0,0,2013,Clarion University
Mike Brown,3,2,5,0.5,0,0,0,0,0,0,0,0,0,0,2013,Clarion University
Colin Kimball,2,3,5,0,0,0,0,0,0,0,0,1,0,0,2013,Clarion University
Ryan Carroll,3,1,4,2.0,4,0,0,0,0,0,0,0,0,0,2013,Clarion University
K. Robinson Jr.,1,2,3,0,0,0,0,0,0,0,0,1,0,0,2013,Clarion University
Joe Dever,3,0,3,1.0,1,0,0,0,0,0,0,0,0,0,2013,Clarion University
Ricky Mathews,0,2,2,0,0,0,0,0,0,0,0,0,0,0,2013,Clarion University
V. Williams,0,2,2,0.5,3,0,0,0,0,0,0,0,0,0,2013,Clarion University
Matt Hyland,1,1,2,0,0,0,0,0,0,0,0,0,0,0,2013,Clarion University
Serge Augustin,1,1,2,1.0,1,0,0,0,0,0,0,0,0,0,2013,Clarion University
Allen Jones II,1,0,1,0,0,0,0,0,0,0,0,0,0,0,2013,Clarion University
Keith Polson,1,0,1,0,0,0,0,0,0,0,0,0,0,0,2013,Clarion University
Bobby Haraczy,0,1,1,0,0,0,0,0,0,0,0,0,0,0,2013,Clarion University
Curtis Hansford,1,0,1,0,0,0,0,0,0,0,0,0,0,0,2013,Clarion University
J. Dolegala,0,1,1,0,0,0,0,0,0,0,0,0,0,0,2013,Clarion University
B. Abercrombie,1,0,1,1.0,2,0,0,0,0,0,0,0,0,0,2013,Clarion University
Colin Kimball,3,6,9,0,0,0,0,0,0,0,1-58,0,0,0,2013,Slippery Rock University
Keith Robinson Jr.,5,3,8,0,0,0,0,0,0,0,0,0,0,0,2013,Slippery Rock University
Dustin Galich,2,5,7,2.0,7,1.0,5,0,0,0,0,1,0,0,2013,Slippery Rock University
Vishawn Williams,4,2,6,0,0,0,0,0,0,0,0,0,0,0,2013,Slippery Rock University
Pat Behm,3,2,5,0,0,0,0,0,0,0,0,0,0,0,2013,Slippery Rock University
Benji Abercrombie,0,5,5,0,0,0,0,0,0,0,0,0,0,0,2013,Slippery Rock University
Michael Foster,4,0,4,0,0,0,0,0,0,0,0,0,0,0,2013,Slippery Rock University
Serge Augustin,1,3,4,1.0,2,0,0,0,0,0,0,0,0,0,2013,Slippery Rock University
Aunre' Davis,2,1,3,0,0,0,0,0,0,0,0,0,0,0,2013,Slippery Rock University
Keith Polson,3,0,3,0,0,0,0,0,0,0,0,0,0,0,2013,Slippery Rock University
Tevin Stewart,1,2,3,0,0,0,0,0,0,0,0,0,0,0,2013,Slippery Rock University
Dorian Stevens,3,0,3,0,0,0,0,0,0,0,0,0,0,0,2013,Slippery Rock University
Joe Dever,0,3,3,0,0,0,0,0,1,0,0,0,0,0,2013,Slippery Rock University
Nick Kurpakus,2,1,3,1.0,5,0,0,0,0,0,0,0,0,0,2013,Slippery Rock University
Ricky Mathews,1,1,2,0,0,0,0,0,0,0,0,0,0,0,2013,Slippery Rock University
Bobby Haraczy,1,1,2,0,0,0,0,0,0,0,0,0,0,0,2013,Slippery Rock University
Niko Otto,1,1,2,0,0,0,0,0,0,0,0,0,0,0,2013,Slippery Rock University
Jarrett Dolegala,1,1,2,0,0,0,0,0,0,0,0,0,0,0,2013,Slippery Rock University
Matt Hyland,0,2,2,0,0,0,0,0,0,0,0,0,0,0,2013,Slippery Rock University
Mike Brown,0,1,1,0,0,0,0,0,0,0,0,0,0,0,2013,Slippery Rock University
Chris Lyle,1,0,1,0,0,0,0,0,0,0,0,0,0,0,2013,Slippery Rock University
Rafiyq Cromwell,1,0,1,0,0,0,0,0,0,0,0,0,0,0,2013,Slippery Rock University
Garrett Wild,0,1,1,0,0,0,0,0,0,0,0,0,0,0,2013,Slippery Rock University
Curtis Hansford,1,0,1,0,0,0,0,0,0,0,0,0,0,0,2013,Slippery Rock University
Sean Powell,0,1,1,0,0,0,0,0,0,0,0,0,0,0,2013,Slippery Rock University
Michael Foster,7,1,8,0,0,0,0,0,0,0,0,0,0,0,2013,Cheyney University
Colin Kimball,5,1,6,2.0,9,0,0,0,0,0,0,1,0,0,2013,Cheyney University
Pat Behm,5,1,6,1.0,5,0,0,0,0,0,0,0,0,0,2013,Cheyney University
Joe Dever,5,0,5,1.0,2,0,0,0,0,0,0,0,0,0,2013,Cheyney University
Dustin Galich,3,2,5,1.0,4,1.0,4,0,0,0,0,0,0,0,2013,Cheyney University
V. Williams,2,2,4,1.0,4,0,0,0,0,0,0,0,0,0,2013,Cheyney University
Nick Kurpakus,4,0,4,1.0,1,0,0,0,0,0,0,0,0,0,2013,Cheyney University
Sean Powell,2,2,4,0,0,0,0,0,0,0,0,0,0,0,2013,Cheyney University
Deonte Huggins,2,0,2,0,0,0,0,0,0,0,0,0,0,0,2013,Cheyney University
Vladmir Rock,2,0,2,0,0,0,0,0,0,0,0,0,0,0,2013,Cheyney University
Ricky Mathews,1,1,2,0,0,0,0,0,0,0,0,0,0,1,2013,Cheyney University
Rafiyq Cromwell,1,1,2,0,0,0,0,0,0,0,0,0,0,0,2013,Cheyney University
Garrett Wild,2,0,2,0,0,0,0,0,0,0,0,0,0,0,2013,Cheyney University
T.J. Latimer,2,0,2,0,0,0,0,0,0,0,0,0,0,0,2013,Cheyney University
J. Dolegala,2,0,2,0,0,0,0,0,0,0,0,0,0,0,2013,Cheyney University
Ryan Carroll,1,1,2,1.0,1,0,0,0,0,0,0,0,0,0,2013,Cheyney University
Matt Hyland,0,2,2,0,0,0,0,0,0,0,0,0,0,0,2013,Cheyney University
Serge Augustin,2,0,2,2.0,2,0,0,0,0,0,0,0,0,2,2013,Cheyney University
B. Abercrombie,1,1,2,0,0,0,0,0,0,0,0,0,0,0,2013,Cheyney University
Keith Polson,1,0,1,1.0,3,0,0,0,0,0,0,0,0,0,2013,Cheyney University
Mike Brown,1,0,1,0,0,0,0,0,0,0,1-30,0,0,0,2013,Cheyney University
Drew Robinson,1,0,1,0,0,0,0,0,0,0,0,0,0,0,2013,Cheyney University
K. Robinson Jr.,0,1,1,0,0,0,0,0,0,0,0,0,0,0,2013,Cheyney University
Curtis Hansford,0,1,1,0,0,0,0,0,0,0,0,0,0,1,2013,Cheyney University
Niko Otto,1,0,1,0,0,0,0,0,0,0,0,0,0,0,2013,Cheyney University
Aunre' Davis,0,0,0,0,0,0,0,0,0,0,0,1,0,0,2013,Cheyney University
Dorian Stevens,0,0,0,0,0,0,0,0,0,0,0,1,0,0,2013,Cheyney University
Pat Behm,6,1,7,1.0,2,0,0,1,0,0,0,0,0,0,2013,Seton Hill University
Serge Augustin,4,2,6,0,0,0,0,0,0,0,0,0,1,0,2013,Seton Hill University
Keith Polson,4,1,5,0,0,0,0,0,0,0,0,0,0,0,2013,Seton Hill University
Michael Foster,4,1,5,0,0,0,0,0,0,0,0,0,1,0,2013,Seton Hill University
Tevin Stewart,4,0,4,0,0,0,0,0,0,0,0,1,0,0,2013,Seton Hill University
Joe Dever,3,1,4,0,0,0,0,0,0,0,0,0,0,0,2013,Seton Hill University
J. Dolegala,3,1,4,0,0,0,0,0,0,0,0,0,0,0,2013,Seton Hill University
Ryan Carroll,4,0,4,2.0,10,1.0,9,0,0,0,0,0,0,0,2013,Seton Hill University
Aunre' Davis,3,0,3,0,0,0,0,0,0,0,1-0,1,0,0,2013,Seton Hill University
Ricky Mathews,3,0,3,0,0,0,0,0,0,0,0,0,0,0,2013,Seton Hill University
Colin Kimball,3,0,3,1.0,5,0,0,0,0,0,0,0,0,0,2013,Seton Hill University
K. Robinson Jr.,3,0,3,0,0,0,0,0,0,0,0,1,0,0,2013,Seton Hill University
Bobby Haraczy,2,1,3,0,0,0,0,0,0,0,0,0,0,0,2013,Seton Hill University
Garrett Wild,3,0,3,0,0,0,0,0,0,0,0,1,0,0,2013,Seton Hill University
Deonte Huggins,1,1,2,0,0,0,0,0,0,0,0,0,0,0,2013,Seton Hill University
Dorian Stevens,1,1,2,0,0,0,0,0,0,0,0,0,0,0,2013,Seton Hill University
Niko Otto,2,0,2,0,0,0,0,0,0,0,0,0,0,0,2013,Seton Hill University
Allen Jones II,1,0,1,0,0,0,0,0,0,0,0,0,0,0,2013,Seton Hill University
Mike Brown,1,0,1,0,0,0,0,0,0,0,0,0,0,0,2013,Seton Hill University
Jaquan Williams,0,1,1,0,0,0,0,0,0,0,0,0,0,0,2013,Seton Hill University
T.J. Latimer,0,1,1,0,0,0,0,0,0,0,0,0,0,0,2013,Seton Hill University
Nick Kurpakus,1,0,1,0,0,0,0,0,0,0,0,0,0,0,2013,Seton Hill University
B. Abercrombie,1,0,1,0,0,0,0,0,0,0,0,0,0,0,2013,Seton Hill University
TEAM,0,0,0,0,0,0,0,0,0,0,0,0,0,0,2013,Seton Hill University
Colin Kimball,2,3,5,0,0,0,0,0,0,0,0,0,0,0,2013,Gannon University
Joe Dever,5,0,5,2.0,16,2.0,16,2,2,0,0,0,0,0,2013,Gannon University
Garrett Wild,4,1,5,0,0,0,0,0,0,0,0,0,0,0,2013,Gannon University
Niko Otto,4,1,5,0,0,0,0,0,0,0,0,1,0,0,2013,Gannon University
Michael Foster,2,2,4,0,0,0,0,0,0,0,0,1,0,0,2013,Gannon University
Pat Behm,3,1,4,0,0,0,0,0,0,0,0,1,0,0,2013,Gannon University
Dustin Galich,3,1,4,0,0,0,0,0,0,0,0,0,0,1,2013,Gannon University
Deonte Huggins,3,0,3,1.0,3,0,0,1,0,0,0,2,0,0,2013,Gannon University
Aunre' Davis,3,0,3,0,0,0,0,0,0,0,0,1,0,0,2013,Gannon University
T.J. Latimer,1,2,3,0,0,0,0,0,0,0,0,0,0,0,2013,Gannon University
Keith Polson,2,0,2,0,0,0,0,0,0,0,0,0,0,0,2013,Gannon University
Ricky Mathews,2,0,2,0,0,0,0,0,0,0,0,1,0,1,2013,Gannon University
Curtis Hansford,1,1,2,1.0,7,1.0,7,0,0,0,0,0,0,0,2013,Gannon University
Mike Brown,1,0,1,0,0,0,0,0,0,0,0,0,0,0,2013,Gannon University
Tevin Stewart,1,0,1,0,0,0,0,0,0,0,0,0,0,0,2013,Gannon University
K. Robinson Jr.,1,0,1,0,0,0,0,0,0,0,0,2,0,0,2013,Gannon University
Allen Jones II,1,0,1,0,0,0,0,0,0,0,0,0,0,0,2013,Gannon University
Nick Kurpakus,0,1,1,0,0,0,0,0,0,0,0,0,0,0,2013,Gannon University
Ryan Carroll,1,0,1,1.0,2,1.0,2,0,0,0,0,0,0,0,2013,Gannon University
Jake Green,1,0,1,0,0,0,0,0,0,0,0,0,0,0,2013,Gannon University
Dylan Bongiorni,0,1,1,0,0,0,0,0,0,0,0,0,0,0,2013,Gannon University
Serge Augustin,1,0,1,1.0,2,0,0,0,0,0,0,0,0,0,2013,Gannon University
B. Abercrombie,1,0,1,0,0,0,0,0,0,0,0,0,0,0,2013,Gannon University
Joe Dever,8,4,12,2.0,5,0,0,0,0,0,0,0,0,0,2013,Indiana University of Pennsylvania
Dustin Galich,7,3,10,3.0,4,0,0,0,0,0,0,0,0,0,2013,Indiana University of Pennsylvania
Colin Kimball,7,2,9,0,0,0,0,0,0,0,0,1,0,0,2013,Indiana University of Pennsylvania
Niko Otto,6,3,9,0,0,0,0,0,0,0,0,0,0,0,2013,Indiana University of Pennsylvania
Deonte Huggins,4,1,5,0,0,0,0,0,0,0,0,0,0,0,2013,Indiana University of Pennsylvania
Pat Behm,3,2,5,0,0,0,0,0,0,0,0,0,0,0,2013,Indiana University of Pennsylvania
Serge Augustin,2,3,5,0,0,0,0,0,0,0,0,0,0,1,2013,Indiana University of Pennsylvania
Aunre' Davis,2,2,4,0,0,0,0,0,0,0,0,1,0,0,2013,Indiana University of Pennsylvania
Michael Foster,2,2,4,1.0,3,0,0,0,0,0,0,0,0,0,2013,Indiana University of Pennsylvania
Matt Hyland,3,1,4,0,0,0,0,0,0,0,0,0,0,0,2013,Indiana University of Pennsylvania
Ryan Carroll,3,0,3,0,0,0,0,0,0,0,0,0,0,0,2013,Indiana University of Pennsylvania
Ricky Mathews,2,0,2,0,0,0,0,1,1,0,0,0,0,0,2013,Indiana University of Pennsylvania
V. Williams,1,1,2,0,0,0,0,0,0,0,0,0,0,0,2013,Indiana University of Pennsylvania
Garrett Wild,1,1,2,0,0,0,0,0,0,0,0,0,0,0,2013,Indiana University of Pennsylvania
Vladmir Rock,0,1,1,0,0,0,0,0,0,0,0,0,0,0,2013,Indiana University of Pennsylvania
Keith Polson,0,1,1,0,0,0,0,0,0,0,0,0,0,0,2013,Indiana University of Pennsylvania
Curtis Hansford,0,1,1,0,0,0,0,0,0,0,0,0,0,0,2013,Indiana University of Pennsylvania
T.J. Latimer,1,0,1,0,0,0,0,0,0,0,0,0,0,0,2013,Indiana University of Pennsylvania
S. Yarbrough,1,0,1,0,0,0,0,0,0,0,0,0,0,0,2013,Indiana University of Pennsylvania
Dustin Galich,4,7,11,2.0,12,2.0,12,0,0,0,0,0,0,1,2013,Edinboro University
Niko Otto,7,1,8,2.0,6,1.0,3,0,0,0,0,0,0,0,2013,Edinboro University
Joe Dever,3,3,6,0,0,0,0,0,0,0,0,0,0,3,2013,Edinboro University
Garrett Wild,3,3,6,0,0,0,0,0,0,0,0,0,0,0,2013,Edinboro University
Ryan Carroll,6,0,6,2.0,2,0,0,0,0,0,0,0,0,1,2013,Edinboro University
Matt Hyland,5,1,6,2.0,7,2.0,7,0,0,0,0,0,0,0,2013,Edinboro University
Aunre' Davis,5,0,5,0,0,0,0,0,0,0,0,0,0,0,2013,Edinboro University
Michael Foster,4,0,4,0,0,0,0,0,0,0,0,1,0,0,2013,Edinboro University
Vladmir Rock,1,1,2,0,0,0,0,0,0,0,0,0,0,0,2013,Edinboro University
Jaquan Williams,2,0,2,0,0,0,0,0,0,0,0,0,0,0,2013,Edinboro University
Colin Kimball,2,0,2,0,0,0,0,0,0,0,0,0,0,0,2013,Edinboro University
Pat Behm,1,1,2,0,0,0,0,0,0,0,0,0,0,1,2013,Edinboro University
T.J. Latimer,1,1,2,0,0,0,0,0,0,0,0,0,0,0,2013,Edinboro University
Deonte Huggins,1,0,1,0,0,0,0,0,0,0,1-1,0,0,0,2013,Edinboro University
Keith Polson,1,0,1,0,0,0,0,0,0,0,0,0,0,0,2013,Edinboro University
Marcus Snipes,1,0,1,0,0,0,0,0,0,0,0,0,0,0,2013,Edinboro University
Ricky Mathews,1,0,1,0,0,0,0,0,0,0,0,0,0,0,2013,Edinboro University
V. Williams,1,0,1,0,0,0,0,0,0,0,0,0,0,0,2013,Edinboro University
Bobby Haraczy,1,0,1,0,0,0,0,0,0,0,0,0,0,0,2013,Edinboro University
Curtis Hansford,1,0,1,0,0,0,0,0,0,0,0,0,0,0,2013,Edinboro University
Jake Green,1,0,1,0,0,0,0,0,0,0,0,0,0,0,2013,Edinboro University
K. Robinson Jr.,0,0,0,0,0,0,0,0,0,0,0,1,0,0,2013,Edinboro University
B. Abercrombie,0,0,0,0,0,0,0,0,0,0,0,1,0,0,2013,Edinboro University
TEAM,0,0,0,0,0,0,0,0,0,0,0,0,0,0,2013,Edinboro University
Joe Dever,2,8,10,1.0,3,0,0,0,0,0,0,0,0,0,2013,California University of Pennsylvania
Pat Behm,8,1,9,0,0,0,0,0,0,0,1-34,0,0,0,2013,California University of Pennsylvania
Niko Otto,2,4,6,0,0,0,0,1,0,0,0,1,0,0,2013,California University of Pennsylvania
Michael Foster,1,4,5,0,0,0,0,0,0,0,0,1,0,0,2013,California University of Pennsylvania
Garrett Wild,3,1,4,0.5,1,0,0,0,0,0,1-6,0,0,0,2013,California University of Pennsylvania
Deonte Huggins,3,0,3,0,0,0,0,0,0,0,1--13,0,0,0,2013,California University of Pennsylvania
Aunre' Davis,2,1,3,0,0,0,0,0,0,0,0,1,0,0,2013,California University of Pennsylvania
Colin Kimball,2,1,3,0,0,0,0,0,0,0,0,0,0,0,2013,California University of Pennsylvania
Dustin Galich,0,3,3,0.5,1,0,0,0,0,0,0,0,0,0,2013,California University of Pennsylvania
Ryan Carroll,2,1,3,0,0,0,0,0,0,0,0,0,0,0,2013,California University of Pennsylvania
Serge Augustin,2,0,2,1.0,2,1.0,2,0,0,0,0,0,0,0,2013,California University of Pennsylvania
Vladmir Rock,1,0,1,0,0,0,0,0,0,0,0,0,0,0,2013,California University of Pennsylvania
Ricky Mathews,1,0,1,1.0,12,1.0,12,0,0,0,0,0,0,0,2013,California University of Pennsylvania
T.J. Latimer,1,0,1,0,0,0,0,0,0,0,0,0,0,0,2013,California University of Pennsylvania
Nick Kurpakus,1,0,1,0,0,0,0,0,0,0,0,0,0,0,2013,California University of Pennsylvania
Jarrett Dolegala,1,0,1,0,0,0,0,0,0,0,0,0,0,0,2013,California University of Pennsylvania
Dylan Bongiorni,1,0,1,0,0,0,0,0,0,0,0,0,0,0,2013,California University of Pennsylvania
Matt Hyland,1,0,1,0,0,0,0,0,0,0,0,0,0,0,2013,California University of Pennsylvania
Keith Robinson Jr.,0,0,0,0,0,0,0,0,0,0,0,1,0,0,2013,California University of Pennsylvania
Pat Behm,9,6,15,0,0,0,0,0,0,0,0,0,0,0,2013,East Stroudsburg University
Garrett Wild,3,4,7,1.0,3,0,0,0,0,0,0,1,0,0,2013,East Stroudsburg University
Aunre' Davis,3,3,6,0,0,0,0,0,0,0,0,1,0,0,2013,East Stroudsburg University
Colin Kimball,3,3,6,0,0,0,0,0,0,0,2-7,1,0,0,2013,East Stroudsburg University
Niko Otto,2,4,6,1.0,1,0,0,0,0,0,0,0,0,0,2013,East Stroudsburg University
Michael Foster,1,4,5,0,0,0,0,0,0,0,0,0,0,0,2013,East Stroudsburg University
Serge Augustin,3,1,4,2.0,7,2.0,7,1,0,0,0,0,0,0,2013,East Stroudsburg University
Deonte Huggins,2,1,3,1.0,3,0,0,0,0,0,1-0,1,0,0,2013,East Stroudsburg University
V. Williams,2,1,3,1.0,1,0,0,0,0,0,0,0,0,0,2013,East Stroudsburg University
Dustin Galich,1,2,3,0,0,0,0,0,0,0,0,0,0,0,2013,East Stroudsburg University
Mike Brown,2,0,2,0,0,0,0,0,0,0,0,0,0,0,2013,East Stroudsburg University
T.J. Latimer,2,0,2,0,0,0,0,0,0,0,0,0,0,0,2013,East Stroudsburg University
Matt Hyland,0,1,1,0,0,0,0,0,0,0,0,0,0,0,2013,East Stroudsburg University
Ricky Mathews,1,0,1,0,0,0,0,0,0,0,0,0,0,0,2013,East Stroudsburg University
Joe Dever,0,1,1,0,0,0,0,0,0,0,0,0,0,0,2013,East Stroudsburg University
Bruno Natter,0,1,1,0,0,0,0,0,0,0,0,0,0,0,2013,East Stroudsburg University
S. Wakefield,1,0,1,0,0,0,0,0,0,0,0,0,0,0,2013,East Stroudsburg University
Michael Foster,6,4,10,1.0,3,0,0,0,0,0,0,0,0,0,2014,Bentley University
Benji Abercrombie,6,1,7,0,0,0,0,0,0,0,0,0,0,0,2014,Bentley University
Pat Behm,3,2,5,0,0,0,0,0,0,0,0,0,1,0,2014,Bentley University
Joe Dever,3,2,5,0,0,0,0,0,0,0,0,0,0,0,2014,Bentley University
Frank Golinello,5,0,5,0,0,0,0,0,0,0,0,0,0,0,2014,Bentley University
Deonte Huggins,3,1,4,0,0,0,0,0,0,0,0,0,0,0,2014,Bentley University
Vishawn Williams,4,0,4,0,0,0,0,0,0,0,0,0,0,0,2014,Bentley University
Colin Kimball,4,0,4,0,0,0,0,0,0,0,0,0,0,0,2014,Bentley University
Garrett Wild,4,0,4,0,0,0,0,0,0,0,0,0,0,0,2014,Bentley University
Curtis Hansford,3,1,4,0,0,0,0,0,0,0,0,0,0,0,2014,Bentley University
Nick Kurpakus,3,1,4,1.0,5,0,0,0,0,0,0,0,0,0,2014,Bentley University
Jakob Plonski,1,2,3,0,0,0,0,0,0,0,0,0,0,0,2014,Bentley University
Jazz Wright,3,0,3,0,0,0,0,0,0,0,0,0,0,0,2014,Bentley University
"Keith Robinson, Jr.",1,1,2,0,0,0,0,0,0,0,0,0,0,0,2014,Bentley University
Dorian Stevens,1,1,2,0,0,0,0,0,0,0,0,0,0,0,2014,Bentley University
Nick Slonac,2,0,2,1.0,2,0,0,0,0,0,0,0,0,0,2014,Bentley University
Ryan Carroll,1,1,2,0,0,0,0,0,0,0,0,0,0,0,2014,Bentley University
Darrell Benjamin,0,2,2,0,0,0,0,0,0,0,0,0,0,0,2014,Bentley University
James Karasek,1,1,2,0,0,0,0,0,0,0,0,0,0,0,2014,Bentley University
Alex Smith,1,0,1,0,0,0,0,0,0,0,0,0,0,0,2014,Bentley University
Keith Polson,1,0,1,0,0,0,0,0,0,0,0,0,0,0,2014,Bentley University
Zach Emerick,1,0,1,0,0,0,0,0,0,0,0,0,0,0,2014,Bentley University
Rocky Owens,1,0,1,0,0,0,0,0,0,0,0,0,0,0,2014,Bentley University
Thomas Higgins III,1,0,1,0,0,0,0,0,0,0,0,0,0,0,2014,Bentley University
Michael Gonzalez,1,0,1,0,0,0,0,0,0,0,0,0,0,0,2014,Bentley University
Tevin Stewart,0,0,0,0,0,0,0,0,0,0,0,1,0,0,2014,Bentley University
Joe Dever,7,3,10,1.0,4,0,0,0,0,0,0,0,0,0,2014,West Chester University of Pennsylvania
Colin Kimball,9,0,9,1.0,2,0,0,0,0,0,0,0,0,0,2014,West Chester University of Pennsylvania
Nick Slonac,6,2,8,1.0,8,1.0,8,0,0,0,0,0,0,0,2014,West Chester University of Pennsylvania
Garrett Wild,7,1,8,0,0,0,0,0,0,0,0,0,0,0,2014,West Chester University of Pennsylvania
Tevin Stewart,5,0,5,0,0,0,0,0,0,0,0,0,0,0,2014,West Chester University of Pennsylvania
Michael Foster,5,0,5,0,0,0,0,0,1,43,0,0,0,0,2014,West Chester University of Pennsylvania
Pat Behm,3,2,5,0,0,0,0,0,0,0,0,0,0,0,2014,West Chester University of Pennsylvania
Deonte Huggins,3,1,4,1.0,3,0,0,0,0,0,0,1,1,0,2014,West Chester University of Pennsylvania
Curtis Hansford,2,1,3,0,0,0,0,0,0,0,0,0,0,0,2014,West Chester University of Pennsylvania
Keith Polson,1,1,2,1.0,2,0,0,0,0,0,0,0,0,0,2014,West Chester University of Pennsylvania
Dorian Stevens,2,0,2,0,0,0,0,1,0,0,0,0,0,0,2014,West Chester University of Pennsylvania
Frank Golinello,1,1,2,0,0,0,0,0,0,0,0,0,0,0,2014,West Chester University of Pennsylvania
James Karasek,2,0,2,0,0,0,0,0,0,0,0,0,0,0,2014,West Chester University of Pennsylvania
Alex Smith,0,1,1,0,0,0,0,0,0,0,0,0,0,0,2014,West Chester University of Pennsylvania
Benji Abercrombie,0,1,1,0,0,0,0,0,0,0,0,0,0,0,2014,West Chester University of Pennsylvania
Dylan Kondis,1,0,1,0,0,0,0,0,0,0,0,0,0,0,2014,West Chester University of Pennsylvania
Jazz Wright,1,0,1,0,0,0,0,0,0,0,0,0,0,0,2014,West Chester University of Pennsylvania
Michael Gonzalez,1,0,1,0,0,0,0,0,0,0,0,0,0,0,2014,West Chester University of Pennsylvania
"Keith Robinson, Jr.",0,0,0,0,0,0,0,0,0,0,1-0,0,0,0,2014,West Chester University of Pennsylvania
Colin Kimball,9,0,9,1.0,1,0,0,0,0,0,1-0,0,0,0,2014,Bloomsburg University
Pat Behm,5,1,6,0,0,0,0,0,0,0,0,0,0,1,2014,Bloomsburg University
"K. Robinson, Jr",5,0,5,0,0,0,0,0,0,0,0,0,0,0,2014,Bloomsburg University
Joe Dever,4,1,5,1.0,3,0,0,0,0,0,0,1,0,0,2014,Bloomsburg University
Michael Foster,4,0,4,1.0,5,1.0,5,1,0,0,0,1,0,0,2014,Bloomsburg University
Nick Slonac,1,3,4,0,0,0,0,0,0,0,0,0,0,0,2014,Bloomsburg University
Ryan Carroll,1,3,4,0,0,0,0,0,0,0,0,0,0,0,2014,Bloomsburg University
Deonte Huggins,2,1,3,0,0,0,0,0,0,0,0,0,0,0,2014,Bloomsburg University
Tevin Stewart,2,0,2,0,0,0,0,0,0,0,0,0,0,0,2014,Bloomsburg University
Keith Polson,1,1,2,0,0,0,0,0,0,0,0,0,0,0,2014,Bloomsburg University
V. Williams,0,2,2,0,0,0,0,0,0,0,0,1,0,0,2014,Bloomsburg University
Garrett Wild,2,0,2,0,0,0,0,0,0,0,0,0,0,0,2014,Bloomsburg University
Curtis Hansford,1,1,2,0,0,0,0,0,0,0,0,0,0,0,2014,Bloomsburg University
Nick Kurpakus,0,2,2,0,0,0,0,0,0,0,0,0,0,0,2014,Bloomsburg University
Kyle Briggs,1,0,1,0,0,0,0,0,0,0,0,0,0,0,2014,Bloomsburg University
Martin Oduho,0,1,1,0,0,0,0,0,0,0,0,0,0,0,2014,Bloomsburg University
Rocky Owens,1,0,1,0,0,0,0,0,0,0,0,0,0,0,2014,Bloomsburg University
Drew Robinson,0,1,1,0,0,0,0,0,0,0,0,0,0,0,2014,Bloomsburg University
T.J. Latimer,0,1,1,0,0,0,0,0,0,0,0,0,0,0,2014,Bloomsburg University
Frank Golinello,0,1,1,0,0,0,0,0,0,0,0,0,0,0,2014,Bloomsburg University
D. Benjamin,0,1,1,0,0,0,0,0,0,0,0,0,0,0,2014,Bloomsburg University
Dylan Bongiorni,1,0,1,0,0,0,0,0,0,0,0,0,0,0,2014,Bloomsburg University
B. Abercrombie,1,0,1,0,0,0,0,0,0,0,0,0,0,0,2014,Bloomsburg University
Jazz Wright,1,0,1,0,0,0,0,0,0,0,0,0,0,0,2014,Bloomsburg University
James Karasek,1,0,1,0,0,0,0,0,0,0,0,0,0,0,2014,Bloomsburg University
Bruno Natter,0,0,0,0,0,0,0,0,1,0,0,0,0,0,2014,Bloomsburg University
Deonte Huggins,5,2,7,0,0,0,0,0,0,0,0,0,0,0,2014,Indiana University of Pennsylvania
Michael Foster,5,1,6,0,0,0,0,0,0,0,0,0,0,0,2014,Indiana University of Pennsylvania
"Keith Robinson, Jr.",3,2,5,0,0,0,0,0,0,0,0,0,0,0,2014,Indiana University of Pennsylvania
Colin Kimball,4,1,5,0,0,0,0,0,0,0,1-0,0,0,0,2014,Indiana University of Pennsylvania
Joe Dever,4,1,5,0,0,0,0,0,0,0,0,0,0,0,2014,Indiana University of Pennsylvania
Pat Behm,4,0,4,1.0,1,0,0,0,0,0,0,0,0,0,2014,Indiana University of Pennsylvania
Nick Slonac,3,1,4,1.0,1,0,0,0,0,0,0,0,0,0,2014,Indiana University of Pennsylvania
James Karasek,4,0,4,0,0,0,0,0,0,0,0,0,0,0,2014,Indiana University of Pennsylvania
Vishawn Williams,2,1,3,0,0,0,0,0,0,0,0,0,0,0,2014,Indiana University of Pennsylvania
Jakob Plonski,2,1,3,0,0,0,0,0,0,0,0,0,0,0,2014,Indiana University of Pennsylvania
Benji Abercrombie,3,0,3,0,0,0,0,0,0,0,0,0,0,0,2014,Indiana University of Pennsylvania
Keith Polson,2,0,2,0,0,0,0,0,0,0,0,0,0,0,2014,Indiana University of Pennsylvania
Rocky Owens,0,2,2,0,0,0,0,0,0,0,0,0,0,0,2014,Indiana University of Pennsylvania
Dorian Stevens,1,1,2,0,0,0,0,0,0,0,0,0,0,0,2014,Indiana University of Pennsylvania
Bruno Natter,2,0,2,0,0,0,0,0,0,0,0,0,0,0,2014,Indiana University of Pennsylvania
Garrett Wild,1,1,2,0,0,0,0,0,0,0,0,0,0,0,2014,Indiana University of Pennsylvania
Nick Kurpakus,2,0,2,0,0,0,0,0,0,0,0,0,0,0,2014,Indiana University of Pennsylvania
Jazz Wright,2,0,2,0,0,0,0,0,0,0,0,0,0,0,2014,Indiana University of Pennsylvania
Martin Oduho,1,0,1,0,0,0,0,0,0,0,0,0,0,0,2014,Indiana University of Pennsylvania
Curtis Hansford,1,0,1,0,0,0,0,0,0,0,0,0,0,0,2014,Indiana University of Pennsylvania
Darrell Benjamin,1,0,1,0,0,0,0,0,0,0,0,0,0,0,2014,Indiana University of Pennsylvania
Michael Gonzalez,1,0,1,0,0,0,0,0,0,0,0,0,0,0,2014,Indiana University of Pennsylvania
Nick Slonac,3,3,6,0,0,0,0,0,0,0,0,0,0,0,2014,Clarion University
Joe Dever,3,3,6,1.0,1,0,0,0,0,0,0,0,0,1,2014,Clarion University
Curtis Hansford,5,1,6,2.0,8,1.0,6,0,0,0,0,0,0,0,2014,Clarion University
Garrett Wild,4,1,5,2.0,7,0,0,0,0,0,0,0,1,0,2014,Clarion University
"Keith Robinson, Jr.",3,1,4,0,0,0,0,0,0,0,0,1,0,0,2014,Clarion University
Vishawn Williams,4,0,4,1.0,1,1.0,1,0,0,0,0,0,0,0,2014,Clarion University
Jazz Wright,3,1,4,0,0,0,0,0,0,0,0,0,0,0,2014,Clarion University
Deonte Huggins,2,1,3,0,0,0,0,0,0,0,0,0,0,0,2014,Clarion University
Colin Kimball,2,1,3,0,0,0,0,0,0,0,0,0,0,0,2014,Clarion University
Jakob Plonski,2,1,3,0,0,0,0,0,0,0,0,0,0,1,2014,Clarion University
Benji Abercrombie,3,0,3,0,0,0,0,0,0,0,0,0,0,0,2014,Clarion University
Michael Gonzalez,3,0,3,2.0,7,1.0,6,0,0,0,0,0,0,1,2014,Clarion University
James Karasek,2,1,3,0,0,0,0,0,0,0,0,0,0,0,2014,Clarion University
Michael Foster,2,0,2,0,0,0,0,0,0,0,0,0,0,0,2014,Clarion University
Nick Kurpakus,1,1,2,1.0,16,1.0,16,0,0,0,0,0,0,0,2014,Clarion University
Alex Smith,1,0,1,0,0,0,0,0,0,0,0,1,0,0,2014,Clarion University
Keith Polson,1,0,1,0,0,0,0,0,0,0,0,0,0,0,2014,Clarion University
Dorian Stevens,1,0,1,0,0,0,0,0,0,0,0,1,0,0,2014,Clarion University
Thomas Higgins III,1,0,1,0,0,0,0,0,0,0,0,0,0,0,2014,Clarion University
Pat Behm,1,0,1,0,0,0,0,0,0,0,0,0,0,1,2014,Clarion University
Bruno Natter,1,0,1,0,0,0,0,0,0,0,0,0,0,0,2014,Clarion University
T.J. Latimer,0,1,1,0,0,0,0,0,0,0,0,0,0,0,2014,Clarion University
Frank Golinello,0,1,1,0,0,0,0,0,0,0,0,0,0,0,2014,Clarion University
Dylan Kondis,1,0,1,0,0,0,0,0,0,0,0,0,0,0,2014,Clarion University
Martin Oduho,0,0,0,0,0,0,0,0,0,0,0,1,0,0,2014,Clarion University
Michael Foster,7,3,10,0.5,2,0,0,0,0,0,0,2,0,0,2014,Gannon University
Joe Dever,4,4,8,1.0,3,0,0,0,0,0,0,0,0,0,2014,Gannon University
"Keith Robinson, Jr.",3,2,5,0,0,0,0,0,0,0,0,0,0,0,2014,Gannon University
Dorian Stevens,2,3,5,0,0,0,0,0,0,0,0,0,0,0,2014,Gannon University
Curtis Hansford,2,3,5,1.0,0,0,0,0,0,0,0,0,0,0,2014,Gannon University
Colin Kimball,3,1,4,0,0,0,0,0,0,0,0,0,0,0,2014,Gannon University
Deonte Huggins,2,1,3,0,0,0,0,0,0,0,0,0,0,0,2014,Gannon University
Vishawn Williams,2,1,3,1.0,4,0,0,0,0,0,0,0,0,0,2014,Gannon University
Pat Behm,0,3,3,0,0,0,0,0,0,0,0,0,0,0,2014,Gannon University
Alex Smith,1,1,2,0,0,0,0,0,0,0,0,0,0,0,2014,Gannon University
Thomas Higgins III,0,2,2,0,0,0,0,0,0,0,0,0,0,0,2014,Gannon University
Nick Kurpakus,1,1,2,0,0,0,0,0,0,0,0,0,0,0,2014,Gannon University
Michael Gonzalez,2,0,2,0,0,0,0,0,0,0,0,0,0,0,2014,Gannon University
Tevin Stewart,1,0,1,0,0,0,0,0,0,0,0,0,0,0,2014,Gannon University
Rocky Owens,1,0,1,0,0,0,0,0,0,0,0,0,0,0,2014,Gannon University
Nick Slonac,1,0,1,0,0,0,0,0,0,0,0,0,0,0,2014,Gannon University
Bruno Natter,1,0,1,0,0,0,0,0,0,0,0,0,0,0,2014,Gannon University
Garrett Wild,0,1,1,0.5,1,0,0,0,0,0,0,1,1,0,2014,Gannon University
T.J. Latimer,1,0,1,0,0,0,0,0,0,0,0,0,0,0,2014,Gannon University
Jakob Plonski,1,0,1,0,0,0,0,0,0,0,0,1,0,0,2014,Gannon University
Andrew Miller,0,1,1,0,0,0,0,0,0,0,0,0,0,0,2014,Gannon University
Benji Abercrombie,0,1,1,0,0,0,0,0,0,0,0,0,0,0,2014,Gannon University
Michael Foster,7,3,10,0,0,0,0,0,0,0,0,0,0,0,2014,Slippery Rock University
Pat Behm,2,6,8,2.0,3,0,0,0,0,0,0,0,0,0,2014,Slippery Rock University
Frank Golinello,4,2,6,0,0,0,0,1,0,0,0,0,0,0,2014,Slippery Rock University
"Keith Robinson, Jr.",4,1,5,0.5,1,0,0,0,0,0,0,2,0,0,2014,Slippery Rock University
Curtis Hansford,3,2,5,0,0,0,0,1,0,0,0,0,0,0,2014,Slippery Rock University
Dorian Stevens,1,3,4,0,0,0,0,0,0,0,0,0,0,0,2014,Slippery Rock University
Nick Kurpakus,2,2,4,1.0,9,1.0,9,0,0,0,0,0,0,0,2014,Slippery Rock University
Vishawn Williams,3,0,3,0,0,0,0,0,0,0,0,0,0,0,2014,Slippery Rock University
Colin Kimball,1,2,3,1.5,2,0,0,0,0,0,0,1,0,0,2014,Slippery Rock University
Nick Slonac,2,1,3,0,0,0,0,0,0,0,0,1,0,0,2014,Slippery Rock University
Joe Dever,1,2,3,0,0,0,0,0,0,0,0,0,0,0,2014,Slippery Rock University
Garrett Wild,3,0,3,0,0,0,0,0,0,0,0,0,0,0,2014,Slippery Rock University
Deonte Huggins,1,0,1,0,0,0,0,0,0,0,0,2,0,0,2014,Slippery Rock University
Tevin Stewart,0,1,1,0,0,0,0,0,0,0,0,0,0,0,2014,Slippery Rock University
Alex Smith,1,0,1,0,0,0,0,0,0,0,0,0,0,0,2014,Slippery Rock University
Keith Polson,1,0,1,0,0,0,0,0,0,0,0,0,0,0,2014,Slippery Rock University
Martin Oduho,0,1,1,0,0,0,0,0,0,0,0,0,0,0,2014,Slippery Rock University
Jakob Plonski,1,0,1,0,0,0,0,0,0,0,0,0,0,0,2014,Slippery Rock University
Dylan Bongiorni,1,0,1,0,0,0,0,0,0,0,0,0,0,0,2014,Slippery Rock University
Benji Abercrombie,1,0,1,0,0,0,0,0,0,0,0,0,0,0,2014,Slippery Rock University
Dylan Kondis,1,0,1,0,0,0,0,0,0,0,0,0,0,0,2014,Slippery Rock University
James Karasek,1,0,1,0,0,0,0,0,0,0,0,0,1,0,2014,Slippery Rock University
Joe Dever,7,2,9,3.0,6,0,0,0,0,0,0,2,0,0,2014,Edinboro University of Pennsylvania
Deonte Huggins,6,1,7,0,0,0,0,0,0,0,0,3,0,0,2014,Edinboro University of Pennsylvania
Colin Kimball,6,1,7,0,0,0,0,0,0,0,0,1,0,0,2014,Edinboro University of Pennsylvania
Bruno Natter,4,2,6,0,0,0,0,0,0,0,0,0,0,0,2014,Edinboro University of Pennsylvania
"Keith Robinson, Jr.",4,1,5,0,0,0,0,0,0,0,0,0,0,0,2014,Edinboro University of Pennsylvania
Michael Foster,3,2,5,0,0,0,0,0,0,0,0,0,0,0,2014,Edinboro University of Pennsylvania
Keith Polson,1,3,4,0,0,0,0,0,0,0,0,0,0,0,2014,Edinboro University of Pennsylvania
Vishawn Williams,3,1,4,0,0,0,0,0,0,0,0,0,0,0,2014,Edinboro University of Pennsylvania
Garrett Wild,2,2,4,0,0,0,0,0,0,0,0,1,0,0,2014,Edinboro University of Pennsylvania
Benji Abercrombie,3,1,4,0,0,0,0,1,0,0,0,0,0,2,2014,Edinboro University of Pennsylvania
Nick Slonac,1,2,3,0,0,0,0,0,0,0,0,1,0,0,2014,Edinboro University of Pennsylvania
Jakob Plonski,3,0,3,1.0,2,0,0,0,0,0,0,0,0,0,2014,Edinboro University of Pennsylvania
Austin Brooks,2,1,3,1.0,4,1.0,4,0,0,0,0,0,0,0,2014,Edinboro University of Pennsylvania
Alex Smith,2,0,2,0,0,0,0,0,0,0,0,0,0,0,2014,Edinboro University of Pennsylvania
Dorian Stevens,2,0,2,0,0,0,0,0,0,0,0,0,0,0,2014,Edinboro University of Pennsylvania
Pat Behm,0,2,2,0,0,0,0,0,1,0,0,1,0,0,2014,Edinboro University of Pennsylvania
Curtis Hansford,1,1,2,0,0,0,0,0,0,0,0,0,0,1,2014,Edinboro University of Pennsylvania
Nick Kurpakus,2,0,2,1.0,1,0,0,0,0,0,0,0,0,0,2014,Edinboro University of Pennsylvania
Andrew Miller,1,1,2,0,0,0,0,0,0,0,0,0,0,0,2014,Edinboro University of Pennsylvania
Jazz Wright,2,0,2,1.0,8,1.0,8,0,0,0,0,0,0,0,2014,Edinboro University of Pennsylvania
Tevin Stewart,1,0,1,0,0,0,0,0,0,0,0,0,0,0,2014,Edinboro University of Pennsylvania
Thomas Higgins III,0,1,1,0,0,0,0,0,0,0,0,0,0,0,2014,Edinboro University of Pennsylvania
Dylan Bongiorni,1,0,1,0,0,0,0,0,0,0,0,0,0,0,2014,Edinboro University of Pennsylvania
Michael Gonzalez,1,0,1,0,0,0,0,1,0,0,0,0,0,0,2014,Edinboro University of Pennsylvania
"Keith Robinson, Jr.",11,1,12,1.0,1,0,0,0,0,0,0,1,0,0,2014,Seton Hill University
Colin Kimball,9,0,9,0,0,0,0,0,0,0,1-41,1,0,0,2014,Seton Hill University
Dorian Stevens,8,1,9,0,0,0,0,0,0,0,1-3,0,0,0,2014,Seton Hill University
Garrett Wild,8,1,9,0,0,0,0,0,0,0,1-9,0,0,0,2014,Seton Hill University
Joe Dever,4,2,6,1.0,2,0,0,0,0,0,0,1,0,0,2014,Seton Hill University
Michael Foster,3,1,4,0,0,0,0,0,0,0,1-17,0,0,0,2014,Seton Hill University
Vishawn Williams,4,0,4,0,0,0,0,0,0,0,1-16,0,0,0,2014,Seton Hill University
Nick Slonac,3,1,4,2.0,2,0,0,0,0,0,0,0,0,0,2014,Seton Hill University
Bruno Natter,3,1,4,0,0,0,0,0,0,0,0,0,0,0,2014,Seton Hill University
Alex Smith,3,0,3,0,0,0,0,0,0,0,0,0,0,0,2014,Seton Hill University
Curtis Hansford,2,1,3,0,0,0,0,0,0,0,0,0,0,0,2014,Seton Hill University
T.J. Latimer,3,0,3,0,0,0,0,0,0,0,0,0,0,0,2014,Seton Hill University
Drew Robinson,2,0,2,0,0,0,0,0,0,0,0,0,0,0,2014,Seton Hill University
Pat Behm,1,1,2,0,0,0,0,0,0,0,0,0,0,0,2014,Seton Hill University
Nick Kurpakus,1,1,2,0,0,0,0,1,1,0,0,0,1,0,2014,Seton Hill University
Austin Brooks,2,0,2,0,0,0,0,0,0,0,0,0,0,0,2014,Seton Hill University
Benji Abercrombie,2,0,2,1.0,3,0,0,0,0,0,0,0,0,0,2014,Seton Hill University
Jazz Wright,2,0,2,0,0,0,0,0,0,0,0,0,0,0,2014,Seton Hill University
Deonte Huggins,1,0,1,0,0,0,0,0,0,0,0,0,0,0,2014,Seton Hill University
Tevin Stewart,1,0,1,0,0,0,0,0,0,0,1-0,0,0,0,2014,Seton Hill University
Jakob Plonski,1,0,1,0,0,0,0,0,0,0,1-42,0,0,0,2014,Seton Hill University
Stephen Yarbrough,1,0,1,0,0,0,0,0,0,0,0,0,0,0,2014,Seton Hill University
Dylan Bongiorni,1,0,1,0,0,0,0,0,0,0,0,0,0,0,2014,Seton Hill University
Michael Gonzalez,1,0,1,0,0,0,0,0,0,0,0,0,0,0,2014,Seton Hill University
Colin Kimball,3,2,5,0,0,0,0,0,0,0,2-23,0,0,0,2014,California University of Pennsylvania
"Keith Robinson, Jr.",4,0,4,0,0,0,0,0,0,0,0,0,0,0,2014,California University of Pennsylvania
Alex Smith,3,1,4,0,0,0,0,0,0,0,0,0,0,0,2014,California University of Pennsylvania
Thomas Higgins III,3,1,4,0,0,0,0,0,0,0,0,0,0,0,2014,California University of Pennsylvania
Pat Behm,3,1,4,0,0,0,0,0,0,0,0,0,0,1,2014,California University of Pennsylvania
Joe Dever,3,1,4,0,0,0,0,0,0,0,0,1,0,0,2014,California University of Pennsylvania
Curtis Hansford,3,1,4,1.0,3,0,0,0,0,0,0,0,0,0,2014,California University of Pennsylvania
Deonte Huggins,3,0,3,0,0,0,0,0,0,0,0,1,0,0,2014,California University of Pennsylvania
Vishawn Williams,3,0,3,1.0,1,0,0,1,0,0,0,0,0,1,2014,California University of Pennsylvania
Michael Foster,3,0,3,0,0,0,0,0,0,0,0,1,0,0,2014,California University of Pennsylvania
Nick Slonac,2,1,3,1.0,1,0,0,0,0,0,0,0,0,0,2014,California University of Pennsylvania
Garrett Wild,2,1,3,0,0,0,0,0,0,0,0,0,0,0,2014,California University of Pennsylvania
Jakob Plonski,0,3,3,0,0,0,0,0,0,0,0,0,0,0,2014,California University of Pennsylvania
Bruno Natter,1,1,2,0,0,0,0,0,0,0,0,0,0,0,2014,California University of Pennsylvania
T.J. Latimer,1,1,2,0,0,0,0,0,0,0,0,0,0,0,2014,California University of Pennsylvania
Nick Kurpakus,2,0,2,0,0,0,0,0,0,0,0,0,1,1,2014,California University of Pennsylvania
Austin Brooks,1,1,2,0,0,0,0,0,0,0,0,0,0,0,2014,California University of Pennsylvania
Benji Abercrombie,0,2,2,0,0,0,0,0,0,0,0,0,0,0,2014,California University of Pennsylvania
Michael Gonzalez,2,0,2,0,0,0,0,0,0,0,0,0,0,0,2014,California University of Pennsylvania
Tevin Stewart,1,0,1,0,0,0,0,0,0,0,0,2,0,0,2014,California University of Pennsylvania
Drew Robinson,0,1,1,0,0,0,0,0,0,0,0,0,0,0,2014,California University of Pennsylvania
Dylan Kondis,0,0,0,0,0,0,0,0,1,0,0,0,0,0,2014,California University of Pennsylvania
Michael Foster,15,1,16,1.0,2,0,0,0,0,0,0,2,0,0,2014,Shippensburg University
Pat Behm,5,1,6,0,0,0,0,0,0,0,0,0,0,0,2014,Shippensburg University
Nick Slonac,3,3,6,0,0,0,0,0,0,0,0,0,0,0,2014,Shippensburg University
Garrett Wild,3,3,6,0,0,0,0,0,0,0,0,0,0,0,2014,Shippensburg University
Nick Kurpakus,5,1,6,1.0,2,1.0,2,0,0,0,0,1,0,0,2014,Shippensburg University
Colin Kimball,3,2,5,1.0,1,0,0,0,0,0,2-120,2,0,0,2014,Shippensburg University
Joe Dever,4,1,5,1.0,2,1.0,2,0,0,0,0,0,0,0,2014,Shippensburg University
Deonte Huggins,4,0,4,0,0,0,0,0,0,0,1-11,2,0,0,2014,Shippensburg University
Alex Smith,3,1,4,0,0,0,0,0,0,0,0,0,0,0,2014,Shippensburg University
Tevin Stewart,3,0,3,1.0,1,0,0,0,0,0,0,2,0,0,2014,Shippensburg University
Trae Williams,3,0,3,0,0,0,0,0,0,0,0,0,0,0,2014,Shippensburg University
Curtis Hansford,0,3,3,0,0,0,0,0,0,0,0,0,0,1,2014,Shippensburg University
Jazz Wright,3,0,3,1.0,8,1.0,8,1,0,0,0,0,0,0,2014,Shippensburg University
Bruno Natter,2,0,2,0,0,0,0,0,0,0,0,0,0,0,2014,Shippensburg University
Benji Abercrombie,2,0,2,1.0,7,1.0,7,0,0,0,0,0,0,0,2014,Shippensburg University
"Keith Robinson, Jr.",1,0,1,0,0,0,0,0,0,0,0,0,0,0,2014,Shippensburg University
Vishawn Williams,0,1,1,0,0,0,0,0,0,0,0,0,1,0,2014,Shippensburg University
Martin Oduho,1,0,1,0,0,0,0,0,0,0,0,0,0,0,2014,Shippensburg University
Thomas Higgins III,1,0,1,0,0,0,0,0,0,0,0,0,0,0,2014,Shippensburg University
Jakob Plonski,0,1,1,0,0,0,0,0,0,0,0,0,0,0,2014,Shippensburg University
Brad Novak,1,0,1,0,0,0,0,0,0,0,0,0,0,0,2014,Shippensburg University
Dylan Bongiorni,1,0,1,0,0,0,0,0,0,0,0,0,0,0,2014,Shippensburg University
Dorian Stevens,7,2,9,0,0,0,0,0,0,0,1-0,0,0,0,2015,Bentley University
Bruno Natter,2,7,9,0,0,0,0,0,0,0,0,0,0,0,2015,Bentley University
Tarique Ellis,6,1,7,0,0,0,0,0,0,0,0,0,0,0,2015,Bentley University
Joe Dever,4,3,7,1.0,1,0,0,0,0,0,0,0,0,0,2015,Bentley University
Jakob Plonski,4,3,7,1.0,6,0,0,0,0,0,0,0,0,0,2015,Bentley University
Rocky Owens,5,1,6,0,0,0,0,0,0,0,0,0,0,0,2015,Bentley University
Tevin Stewart,5,0,5,0,0,0,0,0,0,0,2-90,1,0,0,2015,Bentley University
Thomas Higgins III,3,2,5,1.0,1,0,0,0,0,0,0,0,0,0,2015,Bentley University
Akeel Marsh,4,0,4,0,0,0,0,0,0,0,0,0,0,0,2015,Bentley University
Theophilus Blackston,3,1,4,0,0,0,0,0,0,0,0,0,0,2,2015,Bentley University
Dante Redwood,2,1,3,0,0,0,0,0,0,0,0,0,0,0,2015,Bentley University
Benji Abercrombie,2,1,3,0,0,0,0,0,0,0,0,0,0,0,2015,Bentley University
James Karasek,3,0,3,1.0,1,0,0,0,0,0,0,0,0,1,2015,Bentley University
Kyle Briggs,2,0,2,0,0,0,0,0,0,0,0,0,0,0,2015,Bentley University
Kazimer Struna,2,0,2,0,0,0,0,0,0,0,0,0,0,0,2015,Bentley University
Chris Peluso,2,0,2,0,0,0,0,0,0,0,0,0,0,0,2015,Bentley University
Darrell Benjamin,0,2,2,0,0,0,0,0,0,0,0,0,0,0,2015,Bentley University
Austin Brooks,2,0,2,0,0,0,0,0,0,0,0,0,0,0,2015,Bentley University
Richie Sanders,1,0,1,0,0,0,0,0,0,0,0,0,0,0,2015,Bentley University
Alex Smith,1,0,1,0,0,0,0,0,0,0,0,0,0,0,2015,Bentley University
Austin Drew,0,1,1,0,0,0,0,0,0,0,0,0,0,0,2015,Bentley University
Ryan Carroll,1,0,1,0,0,0,0,0,0,0,0,0,0,0,2015,Bentley University
Dylan Bongiorni,1,0,1,0,0,0,0,0,0,0,0,0,0,0,2015,Bentley University
Andrew Bardusch,0,1,1,0,0,0,0,0,0,0,0,0,0,0,2015,Bentley University
Tarique Ellis,8,2,10,0,0,0,0,0,0,0,0,2,0,0,2015,West Chester University of Pennsylvania
Bruno Natter,7,1,8,0,0,0,0,0,0,0,0,0,0,0,2015,West Chester University of Pennsylvania
Joe Dever,3,4,7,0,0,0,0,0,0,0,0,0,0,0,2015,West Chester University of Pennsylvania
Jakob Plonski,6,1,7,1.0,3,0,0,0,0,0,0,0,0,0,2015,West Chester University of Pennsylvania
James Karasek,5,1,6,2.0,7,1.0,6,0,0,0,0,0,0,1,2015,West Chester University of Pennsylvania
Tevin Stewart,4,1,5,0,0,0,0,0,0,0,0,2,0,0,2015,West Chester University of Pennsylvania
Dante Redwood,4,0,4,0,0,0,0,0,0,0,0,0,0,0,2015,West Chester University of Pennsylvania
Thomas Higgins III,3,1,4,0,0,0,0,0,0,0,0,0,0,0,2015,West Chester University of Pennsylvania
Zach Smith,3,0,3,0,0,0,0,0,0,0,0,0,0,0,2015,West Chester University of Pennsylvania
Benji Abercrombie,2,1,3,1.0,1,0,0,0,0,0,0,0,0,1,2015,West Chester University of Pennsylvania
Ben Young,1,1,2,0,0,0,0,0,0,0,0,0,0,0,2015,West Chester University of Pennsylvania
Dorian Stevens,1,1,2,0,0,0,0,0,0,0,1-1,0,0,0,2015,West Chester University of Pennsylvania
Ryan Carroll,1,1,2,0,0,0,0,0,0,0,0,0,0,1,2015,West Chester University of Pennsylvania
Theophilus Blackston,1,1,2,0,0,0,0,0,0,0,0,0,0,0,2015,West Chester University of Pennsylvania
Kyle Briggs,1,0,1,0,0,0,0,0,0,0,0,0,0,0,2015,West Chester University of Pennsylvania
T.J. Latimer,1,0,1,0,0,0,0,0,0,0,0,0,0,0,2015,West Chester University of Pennsylvania
Dylan Bongiorni,0,1,1,0,0,0,0,0,0,0,0,0,0,0,2015,West Chester University of Pennsylvania
Bryce Mostoller,1,0,1,0,0,0,0,0,0,0,0,0,0,0,2015,West Chester University of Pennsylvania
Dylan Kondis,0,1,1,0,0,0,0,0,0,0,0,0,0,0,2015,West Chester University of Pennsylvania
Tarique Ellis,10,3,13,0,0,0,0,0,0,0,0,0,0,0,2015,Bloomsburg University
Joe Dever,7,5,12,1.0,2,0,0,0,0,0,2-11,0,0,0,2015,Bloomsburg University
Jakob Plonski,9,2,11,1.0,2,0,0,0,0,0,0,0,0,0,2015,Bloomsburg University
Bruno Natter,6,2,8,0,0,0,0,0,0,0,0,0,0,0,2015,Bloomsburg University
Rocky Owens,6,1,7,1.0,11,1.0,11,0,0,0,0,0,0,0,2015,Bloomsburg University
Dorian Stevens,4,2,6,0,0,0,0,0,0,0,0,1,0,0,2015,Bloomsburg University
Tevin Stewart,4,1,5,0,0,0,0,0,0,0,0,0,0,0,2015,Bloomsburg University
Thomas Higgins III,3,2,5,0,0,0,0,0,0,0,0,0,0,0,2015,Bloomsburg University
"Keith Robinson, Jr.",1,3,4,0,0,0,0,0,0,0,0,1,0,0,2015,Bloomsburg University
Martin Oduho,3,1,4,0,0,0,0,0,0,0,0,0,0,0,2015,Bloomsburg University
Ryan Carroll,0,3,3,0,0,0,0,0,0,0,0,0,0,0,2015,Bloomsburg University
Conall Ryan,3,0,3,0,0,0,0,0,0,0,0,0,0,0,2015,Bloomsburg University
Austin Drew,1,1,2,0,0,0,0,0,0,0,0,0,0,0,2015,Bloomsburg University
Theophilus Blackston,2,0,2,1.0,3,0,0,0,0,0,0,0,0,0,2015,Bloomsburg University
Benji Abercrombie,0,2,2,0,0,0,0,0,0,0,0,0,0,0,2015,Bloomsburg University
Dante Redwood,1,0,1,0,0,0,0,0,0,0,0,0,0,0,2015,Bloomsburg University
Trae Williams,1,0,1,0,0,0,0,0,0,0,0,0,0,0,2015,Bloomsburg University
T.J. Latimer,0,1,1,0,0,0,0,0,0,0,0,0,0,0,2015,Bloomsburg University
Fernando Frye,1,0,1,0,0,0,0,0,0,0,0,0,0,0,2015,Bloomsburg University
Dylan Bongiorni,0,1,1,0,0,0,0,0,0,0,0,0,0,0,2015,Bloomsburg University
James Karasek,1,0,1,0,0,0,0,0,0,0,0,0,0,0,2015,Bloomsburg University
"K. Robinson, Jr",5,4,9,0,0,0,0,0,0,0,0,1,0,0,2015,Indiana University of Pennsylvania
Tarique Ellis,5,4,9,0,0,0,0,0,0,0,0,0,0,0,2015,Indiana University of Pennsylvania
Dorian Stevens,4,4,8,0,0,0,0,0,1,0,0,0,0,0,2015,Indiana University of Pennsylvania
Joe Dever,3,5,8,1.0,1,0,0,0,0,0,0,0,0,0,2015,Indiana University of Pennsylvania
Jakob Plonski,2,4,6,1.0,5,0,0,0,0,0,0,0,0,0,2015,Indiana University of Pennsylvania
James Karasek,4,2,6,1.0,1,0,0,0,0,0,0,0,0,0,2015,Indiana University of Pennsylvania
Tevin Stewart,2,3,5,0,0,0,0,0,0,0,0,0,0,0,2015,Indiana University of Pennsylvania
Rocky Owens,2,3,5,0,0,0,0,0,0,0,0,0,0,0,2015,Indiana University of Pennsylvania
Bruno Natter,2,3,5,0,0,0,0,0,0,0,0,0,0,0,2015,Indiana University of Pennsylvania
Kyle Briggs,2,1,3,0,0,0,0,0,0,0,0,0,0,0,2015,Indiana University of Pennsylvania
T. Higgins III,1,2,3,0,0,0,0,1,0,0,0,0,0,1,2015,Indiana University of Pennsylvania
T. Blackston,0,3,3,0,0,0,0,0,0,0,0,0,0,1,2015,Indiana University of Pennsylvania
Ben Young,0,2,2,0,0,0,0,0,0,0,0,0,0,0,2015,Indiana University of Pennsylvania
Chris Peluso,2,0,2,0,0,0,0,0,0,0,0,0,0,0,2015,Indiana University of Pennsylvania
Ryan Carroll,1,1,2,1.0,1,0,0,0,0,0,0,0,0,0,2015,Indiana University of Pennsylvania
B. Abercrombie,0,2,2,0,0,0,0,0,0,0,0,0,0,1,2015,Indiana University of Pennsylvania
Dante Redwood,0,1,1,0,0,0,0,0,0,0,0,0,0,0,2015,Indiana University of Pennsylvania
B. Brown-Dukes,1,0,1,0,0,0,0,0,0,0,0,0,0,0,2015,Indiana University of Pennsylvania
Drew Robinson,1,0,1,0,0,0,0,0,0,0,0,0,0,0,2015,Indiana University of Pennsylvania
Trae Williams,1,0,1,0,0,0,0,0,0,0,0,0,0,0,2015,Indiana University of Pennsylvania
Tarique Ellis,7,2,9,0,0,0,0,0,0,0,0,0,0,0,2015,Clarion University
"Keith Robinson, Jr.",5,1,6,0,0,0,0,0,0,0,0,0,0,0,2015,Clarion University
Joe Dever,4,2,6,2.0,4,0,0,0,0,0,0,0,0,0,2015,Clarion University
Jakob Plonski,2,3,5,0,0,0,0,0,0,0,0,0,0,0,2015,Clarion University
Rocky Owens,1,3,4,1.0,4,0,0,0,0,0,0,0,0,0,2015,Clarion University
Bruno Natter,2,2,4,1.0,1,0,0,0,0,0,0,0,0,0,2015,Clarion University
Tevin Stewart,0,3,3,0,0,0,0,0,0,0,1-0,1,0,0,2015,Clarion University
Dorian Stevens,2,1,3,0,0,0,0,0,0,0,0,0,0,0,2015,Clarion University
Conall Ryan,0,3,3,0.5,0,0,0,0,0,0,0,0,0,0,2015,Clarion University
Ryan Carroll,1,1,2,0,0,0,0,0,0,0,0,0,0,0,2015,Clarion University
Benji Abercrombie,1,1,2,1.0,2,0,0,0,0,0,0,0,0,0,2015,Clarion University
James Karasek,0,2,2,0.5,1,0,0,0,0,0,0,0,0,0,2015,Clarion University
Thomas Higgins III,1,0,1,0,0,0,0,0,0,0,0,0,0,0,2015,Clarion University
Devin Miller,0,1,1,0,0,0,0,0,0,0,0,0,0,0,2015,Clarion University
Austin Brooks,0,1,1,0,0,0,0,0,0,0,0,0,0,0,2015,Clarion University
Dylan Bongiorni,1,0,1,0,0,0,0,0,0,0,0,0,0,0,2015,Clarion University
Tarique Ellis,7,3,10,0,0,0,0,0,0,0,0,0,0,0,2015,Gannon University
Bruno Natter,6,3,9,0,0,0,0,0,0,0,0,0,0,0,2015,Gannon University
Jakob Plonski,4,3,7,1.0,4,0,0,0,0,0,0,0,1,1,2015,Gannon University
Benji Abercrombie,5,2,7,1.0,12,1.0,12,0,0,0,0,0,0,0,2015,Gannon University
Joe Dever,2,4,6,0,0,0.5,0,0,0,0,0,2,0,0,2015,Gannon University
"Keith Robinson, Jr.",5,0,5,0,0,0,0,0,0,0,0,1,0,0,2015,Gannon University
Ben Young,4,1,5,0,0,0,0,0,0,0,0,0,0,0,2015,Gannon University
Tevin Stewart,3,0,3,0,0,0,0,0,0,0,2-29,1,0,0,2015,Gannon University
Dante Redwood,1,2,3,0,0,0,0,0,0,0,0,1,0,0,2015,Gannon University
Ryan Carroll,2,1,3,1.0,1,0,0,0,0,0,0,0,1,2,2015,Gannon University
James Karasek,2,1,3,0,0,0,0,0,0,0,0,0,0,0,2015,Gannon University
Rocky Owens,2,0,2,0,0,0,0,0,0,0,0,0,0,0,2015,Gannon University
Dorian Stevens,1,1,2,0,0,0,0,0,0,0,0,0,0,0,2015,Gannon University
Brandon Brown-Dukes,1,0,1,0,0,0,0,0,0,0,0,0,0,0,2015,Gannon University
Thomas Higgins III,1,0,1,0,0,0,0,0,0,0,0,0,0,0,2015,Gannon University
Trae Williams,0,1,1,0,0,0,0,0,0,0,0,0,0,0,2015,Gannon University
Dylan Bongiorni,1,0,1,0,0,0,0,0,0,0,0,0,1,0,2015,Gannon University
Joe Dever,12,6,18,0,0,0,0,1,0,0,0,1,0,0,2015,Slippery Rock University
Tarique Ellis,13,1,14,0,0,0,0,0,1,0,0,1,0,0,2015,Slippery Rock University
Bruno Natter,5,4,9,0,0,0,0,0,0,0,0,0,0,0,2015,Slippery Rock University
Jakob Plonski,6,1,7,0,0,0,0,0,1,0,0,0,0,0,2015,Slippery Rock University
Rocky Owens,5,1,6,0,0,0,0,0,0,0,0,0,0,0,2015,Slippery Rock University
Dorian Stevens,4,2,6,1.0,3,0,0,1,0,0,0,0,0,0,2015,Slippery Rock University
Benji Abercrombie,4,2,6,2.0,5,1.0,3,0,0,0,0,0,0,0,2015,Slippery Rock University
"Keith Robinson, Jr.",4,1,5,0,0,0,0,0,0,0,1-8,0,0,0,2015,Slippery Rock University
James Karasek,3,2,5,0,0,0,0,0,0,0,0,1,0,0,2015,Slippery Rock University
Ryan Carroll,3,1,4,0,0,0,0,0,0,0,0,0,0,0,2015,Slippery Rock University
Tevin Stewart,2,0,2,0,0,0,0,0,1,0,0,0,0,0,2015,Slippery Rock University
Austin Drew,1,1,2,0,0,0,0,0,0,0,0,0,0,0,2015,Slippery Rock University
Theophilus Blackston,1,1,2,1.0,2,0,0,0,0,0,0,0,0,0,2015,Slippery Rock University
Kyle Briggs,1,0,1,0,0,0,0,0,0,0,0,2,0,0,2015,Slippery Rock University
Richie Sanders,1,0,1,0,0,0,0,0,0,0,0,0,0,0,2015,Slippery Rock University
Ben Young,1,0,1,0,0,0,0,0,0,0,0,0,0,0,2015,Slippery Rock University
Jaquan Williams,1,0,1,0,0,0,0,0,0,0,0,0,0,0,2015,Slippery Rock University
Trae Williams,0,1,1,0,0,0,0,0,0,0,0,0,0,0,2015,Slippery Rock University
Nick Slonac,0,1,1,0,0,0,0,0,0,0,0,0,0,0,2015,Slippery Rock University
Dylan Bongiorni,1,0,1,0,0,0,0,0,0,0,0,0,0,0,2015,Slippery Rock University
Bruno Natter,2,3,5,0,0,0,0,0,0,0,0,0,0,0,2015,Edinboro University of Pennsylvania
"K. Robinson, Jr",2,2,4,0,0,0,0,0,0,0,0,1,0,0,2015,Edinboro University of Pennsylvania
Tarique Ellis,3,1,4,0,0,0,0,0,0,0,0,0,0,0,2015,Edinboro University of Pennsylvania
Dorian Stevens,1,3,4,0,0,0,0,0,0,0,2-14,1,0,0,2015,Edinboro University of Pennsylvania
Austin Drew,1,3,4,0,0,0,0,0,0,0,0,0,0,0,2015,Edinboro University of Pennsylvania
Ryan Carroll,0,4,4,0,0,0,0,0,0,0,0,0,0,0,2015,Edinboro University of Pennsylvania
Austin Brooks,0,4,4,0.5,0,0,0,0,0,0,0,0,0,0,2015,Edinboro University of Pennsylvania
Jonah Bowden,1,2,3,0,0,0,0,0,0,0,0,0,0,0,2015,Edinboro University of Pennsylvania
T. Higgins III,0,3,3,0,0,0,0,0,0,0,0,0,0,0,2015,Edinboro University of Pennsylvania
Chris Peluso,1,2,3,0,0,0,0,0,0,0,0,0,0,0,2015,Edinboro University of Pennsylvania
Joe Dever,0,3,3,0,0,0,0,0,0,0,0,0,0,0,2015,Edinboro University of Pennsylvania
T. Blackston,2,1,3,0,0,0,0,0,0,0,0,0,0,0,2015,Edinboro University of Pennsylvania
Dante Redwood,0,2,2,0.5,1,0,0,0,0,0,0,1,1,0,2015,Edinboro University of Pennsylvania
B. Abercrombie,1,1,2,1.0,3,1.0,3,0,0,0,0,0,0,0,2015,Edinboro University of Pennsylvania
James Karasek,0,2,2,0,0,0,0,0,0,0,0,1,0,0,2015,Edinboro University of Pennsylvania
Richie Sanders,0,1,1,0,0,0,0,0,0,0,0,0,0,0,2015,Edinboro University of Pennsylvania
Ben Young,1,0,1,0,0,0,0,0,0,0,0,0,0,0,2015,Edinboro University of Pennsylvania
Zach Emerick,0,1,1,0,0,0,0,0,0,0,0,0,0,0,2015,Edinboro University of Pennsylvania
B. Brown-Dukes,0,1,1,0,0,0,0,0,0,0,0,0,0,0,2015,Edinboro University of Pennsylvania
Trae Williams,0,1,1,0,0,0,0,0,0,0,0,0,0,0,2015,Edinboro University of Pennsylvania
Tevin Stewart,0,0,0,0,0,0,0,0,0,0,0,2,0,0,2015,Edinboro University of Pennsylvania
Rocky Owens,0,0,0,0,0,0,0,0,0,0,0,0,1,0,2015,Edinboro University of Pennsylvania
Joe Dever,9,2,11,1.0,2,0,0,0,0,0,0,0,0,0,2015,Seton Hill University
Tarique Ellis,7,2,9,1.0,4,0,0,0,0,0,0,1,0,0,2015,Seton Hill University
"Keith Robinson, Jr.",7,0,7,0,0,0,0,0,0,0,0,0,0,0,2015,Seton Hill University
Tevin Stewart,5,0,5,0,0,0,0,0,0,0,0,0,0,0,2015,Seton Hill University
Rocky Owens,2,2,4,1.0,3,0,0,0,0,0,0,0,0,0,2015,Seton Hill University
Austin Brooks,3,1,4,1.0,1,0,0,0,0,0,0,1,0,1,2015,Seton Hill University
Dante Redwood,3,0,3,1.0,1,0,0,0,0,0,0,0,0,0,2015,Seton Hill University
Austin Drew,1,2,3,0,0,0,0,0,0,0,0,0,0,3,2015,Seton Hill University
Benji Abercrombie,1,2,3,1.0,1,0,0,0,0,0,0,0,0,0,2015,Seton Hill University
Kyle Briggs,1,1,2,0,0,0,0,0,0,0,0,0,0,0,2015,Seton Hill University
Richie Sanders,2,0,2,0,0,0,0,0,0,0,0,0,0,0,2015,Seton Hill University
Dorian Stevens,2,0,2,0,0,0,0,0,0,0,0,0,0,0,2015,Seton Hill University
Chris Peluso,1,1,2,0,0,0,0,0,0,0,0,0,0,0,2015,Seton Hill University
James Karasek,1,1,2,0,0,0,0,0,0,0,0,1,0,0,2015,Seton Hill University
Ben Young,1,0,1,0,0,0,0,0,0,0,0,0,0,0,2015,Seton Hill University
Jonah Bowden,1,0,1,0,0,0,0,0,0,0,0,0,0,0,2015,Seton Hill University
Thomas Higgins III,1,0,1,0,0,0,0,0,0,0,0,0,0,0,2015,Seton Hill University
Nick Slonac,0,1,1,0,0,0,0,0,0,0,0,0,0,0,2015,Seton Hill University
Bruno Natter,0,1,1,0,0,0,0,0,0,0,0,0,0,0,2015,Seton Hill University
Darrell Benjamin,1,0,1,0,0,0,0,0,0,0,0,0,0,0,2015,Seton Hill University
Andrew Bardusch,1,0,1,1.0,5,0,0,0,0,0,0,0,0,0,2015,Seton Hill University
Dylan Kondis,1,0,1,0,0,0,0,0,0,0,0,0,0,0,2015,Seton Hill University
Tarique Ellis,6,1,7,0,0,0,0,0,0,0,0,0,0,0,2015,California University of Pennsylvania
Dorian Stevens,6,0,6,0,0,0,0,0,0,0,0,0,0,0,2015,California University of Pennsylvania
"Keith Robinson, Jr.",3,2,5,0,0,0,0,0,0,0,0,0,0,0,2015,California University of Pennsylvania
Bruno Natter,1,4,5,0,0,0,0,0,0,0,0,0,0,0,2015,California University of Pennsylvania
Austin Drew,4,0,4,2.0,9,0,0,0,0,0,0,0,0,0,2015,California University of Pennsylvania
Benji Abercrombie,2,2,4,0,0,0,0,0,0,0,0,0,0,0,2015,California University of Pennsylvania
Tevin Stewart,3,0,3,0,0,0,0,0,0,0,0,0,0,0,2015,California University of Pennsylvania
Rocky Owens,1,2,3,0,0,0,0,0,0,0,0,0,0,0,2015,California University of Pennsylvania
Austin Brooks,2,1,3,0,0,0,0,0,0,0,0,0,0,0,2015,California University of Pennsylvania
Joe Dever,2,0,2,0,0,0,0,0,0,0,0,0,0,0,2015,California University of Pennsylvania
Dante Redwood,1,0,1,0,0,0,0,0,0,0,0,0,0,0,2015,California University of Pennsylvania
Jonah Bowden,0,1,1,0,0,0,0,0,0,0,0,0,0,0,2015,California University of Pennsylvania
Josh Paugh,1,0,1,0,0,0,0,0,0,0,0,0,0,0,2015,California University of Pennsylvania
Theophilus Blackston,0,1,1,0,0,0,0,0,0,0,0,0,0,0,2015,California University of Pennsylvania
James Karasek,1,0,1,1.0,2,0,0,0,0,0,0,0,0,0,2015,California University of Pennsylvania
Tarique Ellis,5,5,10,1.5,10,1.0,9,0,0,0,0,0,0,0,2015,Shippensburg University
Joe Dever,4,3,7,0,0,0,0,0,0,0,0,0,0,0,2015,Shippensburg University
Bruno Natter,4,3,7,0,0,0,0,0,0,0,0,0,0,0,2015,Shippensburg University
Austin Drew,3,3,6,0,0,0,0,0,0,0,0,0,0,1,2015,Shippensburg University
Kyle Briggs,3,1,4,0,0,0,0,0,0,0,0,0,0,0,2015,Shippensburg University
Kazimer Struna,2,2,4,0,0,0,0,0,0,0,0,0,0,0,2015,Shippensburg University
James Karasek,2,2,4,1.0,2,0,0,0,0,0,0,1,0,0,2015,Shippensburg University
"Keith Robinson, Jr.",1,2,3,0,0,0,0,0,0,0,0,0,0,0,2015,Shippensburg University
Benji Abercrombie,2,1,3,1.5,5,0,0,0,0,0,0,0,0,0,2015,Shippensburg University
Tevin Stewart,2,0,2,0,0,0,0,0,0,0,0,0,0,0,2015,Shippensburg University
Rocky Owens,1,1,2,0,0,0,0,0,0,0,0,0,0,0,2015,Shippensburg University
Dorian Stevens,2,0,2,0,0,0,0,0,0,0,0,0,0,0,2015,Shippensburg University
Nick Slonac,1,1,2,0,0,0,0,0,0,0,0,0,0,0,2015,Shippensburg University
Austin Brooks,1,1,2,1.0,5,1.0,5,0,0,0,0,0,0,0,2015,Shippensburg University
Theophilus Blackston,1,1,2,0,0,0,0,0,0,0,0,0,0,0,2015,Shippensburg University
FJ Williams,1,0,1,0,0,0,0,0,0,0,0,0,0,0,2015,Shippensburg University
Ben Young,1,0,1,0,0,0,0,1,0,0,0,0,0,0,2015,Shippensburg University
Thomas Higgins III,1,0,1,0,0,0,0,0,0,0,0,0,0,0,2015,Shippensburg University
Chris Peluso,0,1,1,0,0,0,0,0,0,0,0,0,0,0,2015,Shippensburg University
T.J. Latimer,1,0,1,0,0,0,0,0,0,0,0,0,0,0,2015,Shippensburg University
Fernando Frye,1,0,1,0,0,0,0,0,0,0,0,0,0,0,2015,Shippensburg University
Conall Ryan,0,1,1,0,0,0,0,0,0,0,0,0,0,0,2015,Shippensburg University
Dante Redwood,0,0,0,0,0,0,0,0,0,0,0,0,1,0,2015,Shippensburg University
Dante Redwood,9,0,9,0,0,0,0,0,0,0,0,0,0,0,2016,Ashland University
Ben Young,5,3,8,0,0,0,0,0,0,0,0,2,0,0,2016,Ashland University
Nick Slonac,3,3,6,0,0,0,0,0,0,0,0,0,0,0,2016,Ashland University
Akeel Marsh,5,0,5,0,0,0,0,0,0,0,0,0,0,0,2016,Ashland University
Austin Drew,3,2,5,0.5,1,0,0,0,0,0,0,0,0,0,2016,Ashland University
B. Abercrombie,2,3,5,0.5,0,0,0,0,0,0,0,0,0,0,2016,Ashland University
Dorian Stevens,1,3,4,0,0,0,0,0,0,0,0,0,0,0,2016,Ashland University
Thomas Higgins,2,2,4,0,0,0,0,0,0,0,0,0,0,0,2016,Ashland University
Tarique Ellis,2,0,2,0,0,0,0,0,0,0,0,0,0,0,2016,Ashland University
Corbin Kessler,2,0,2,0,0,0,0,0,0,0,0,0,0,1,2016,Ashland University
S. Zernechel,2,0,2,0,0,0,0,0,0,0,0,0,0,0,2016,Ashland University
Kyle Briggs,1,0,1,0,0,0,0,0,0,0,0,0,0,0,2016,Ashland University
Alex Smith,0,1,1,0,0,0,0,0,0,0,0,0,0,0,2016,Ashland University
E. McDowell,0,1,1,0,0,0,0,0,0,0,0,0,0,0,2016,Ashland University
Rocky Owens,1,0,1,0,0,0,0,0,0,0,0,0,0,0,2016,Ashland University
Justin Hawkins,1,0,1,0,0,0,0,0,0,0,0,0,0,0,2016,Ashland University
Quinn Lawless,0,1,1,0,0,0,0,0,0,0,0,0,0,0,2016,Ashland University
Chris Peluso,1,0,1,1.0,5,1.0,5,0,0,0,0,0,0,0,2016,Ashland University
Alex Zacharyasz,0,1,1,0,0,0,0,0,0,0,0,0,0,0,2016,Ashland University
Craig Carter,0,1,1,0,0,0,0,0,0,0,0,0,0,0,2016,Ashland University
Quinn Walsh,0,1,1,0,0,0,0,0,0,0,0,0,0,0,2016,Ashland University
TEAM,1,0,1,0,0,0,0,0,0,0,0,0,0,0,2016,Ashland University
Ryan Carroll,0,0,0,0,0,0,0,0,0,0,0,1,0,0,2016,Ashland University
Akeel Marsh,6,2,8,0,0,0,0,0,0,0,0,0,1,0,2016,Kutztown University
Dorian Stevens,4,4,8,0,0,0,0,0,0,0,0,3,0,0,2016,Kutztown University
Thomas Higgins,2,6,8,0,0,0,0,0,0,0,0,1,0,0,2016,Kutztown University
Dante Redwood,5,2,7,0,0,0,0,0,0,0,0,0,1,0,2016,Kutztown University
Austin Drew,5,2,7,2.0,8,1.0,7,0,0,0,0,0,0,0,2016,Kutztown University
Benji Abercrombie,6,1,7,3.5,6,0,0,0,0,0,0,0,0,0,2016,Kutztown University
Ryan Carroll,3,2,5,1.0,2,0,0,0,0,0,0,0,0,0,2016,Kutztown University
Theo Blackston,2,3,5,1.5,6,1.0,6,0,0,0,0,0,0,1,2016,Kutztown University
Rocky Owens,3,1,4,0,0,0,0,0,0,0,0,0,0,0,2016,Kutztown University
Ben Young,1,2,3,0,0,0,0,0,0,0,0,1,0,0,2016,Kutztown University
Nick Slonac,2,1,3,1.5,3,0.5,0,0,0,0,0,0,1,1,2016,Kutztown University
Collin Dell,0,3,3,0.5,1,0.5,1,0,0,0,0,0,0,0,2016,Kutztown University
E'Andre Smith,2,0,2,0,0,0,0,0,0,0,0,0,0,0,2016,Kutztown University
Tarique Ellis,2,0,2,0,0,0,0,0,0,0,0,0,0,0,2016,Kutztown University
Chris Peluso,0,2,2,0,0,0,0,0,0,0,0,0,0,1,2016,Kutztown University
Kazimer Struna,1,1,2,0,0,0,0,0,0,0,0,0,0,0,2016,Kutztown University
Conall Ryan,1,1,2,0,0,0,0,0,0,0,0,0,0,0,2016,Kutztown University
Jake Tarasovitch,1,0,1,0,0,0,0,0,0,0,0,0,0,0,2016,Kutztown University
Emmanuel McDowell,1,0,1,0,0,0,0,0,0,0,0,0,0,0,2016,Kutztown University
Chris Smith,0,1,1,0,0,0,0,0,0,0,0,0,0,0,2016,Kutztown University
Corbin Kessler,1,0,1,0,0,0,0,0,0,0,0,1,0,0,2016,Kutztown University
Quinn Lawless,0,1,1,0,0,0,0,0,0,0,0,0,0,0,2016,Kutztown University
Alex Zacharyasz,0,1,1,0,0,0,0,0,0,0,0,0,0,0,2016,Kutztown University
Avery Jones,0,0,0,0,0,0,0,0,0,0,0,0,1,1,2016,Kutztown University
Rocky Owens,5,3,8,0,0,0,0,0,0,0,0,0,0,0,2016,East Stroudsburg University
Akeel Marsh,2,5,7,0,0,0,0,0,0,0,0,0,0,0,2016,East Stroudsburg University
Nick Slonac,3,4,7,1.0,2,1.0,2,1,0,0,0,0,0,0,2016,East Stroudsburg University
Dante Redwood,4,1,5,0,0,0,0,0,0,0,1-0,3,0,0,2016,East Stroudsburg University
Kazimer Struna,2,2,4,0,0,0,0,0,0,0,0,0,0,0,2016,East Stroudsburg University
Theo Blackston,2,2,4,1.0,4,0,0,0,0,0,0,0,0,0,2016,East Stroudsburg University
Dorian Stevens,3,0,3,0,0,0,0,0,0,0,1-0,1,0,0,2016,East Stroudsburg University
Austin Drew,2,1,3,0,0,0,0,0,0,0,0,0,0,0,2016,East Stroudsburg University
B. Abercrombie,2,1,3,0,0,0,0,0,0,0,0,0,0,0,2016,East Stroudsburg University
Ryan Carroll,1,1,2,0,0,0,0,0,0,0,0,0,0,0,2016,East Stroudsburg University
Austin Brooks,1,1,2,0,0,0,0,0,0,0,0,0,0,0,2016,East Stroudsburg University
E'Andre Smith,0,1,1,0,0,0,0,0,0,0,0,0,0,0,2016,East Stroudsburg University
Kyle Briggs,1,0,1,0,0,0,0,0,0,0,0,0,0,0,2016,East Stroudsburg University
Ben Young,1,0,1,0,0,0,0,0,0,0,0,1,0,0,2016,East Stroudsburg University
J. Tarasovitch,1,0,1,0,0,0,0,0,0,0,0,0,0,0,2016,East Stroudsburg University
Tarique Ellis,0,1,1,0,0,0,0,0,0,0,0,0,0,0,2016,East Stroudsburg University
Justin Hawkins,0,1,1,0,0,0,0,0,0,0,0,0,0,0,2016,East Stroudsburg University
Thomas Higgins,1,0,1,0,0,0,0,0,0,0,0,0,0,0,2016,East Stroudsburg University
Trae Williams,1,0,1,0,0,0,0,0,0,0,0,0,0,0,2016,East Stroudsburg University
Brad Novak,1,0,1,0,0,0,0,0,0,0,0,0,0,0,2016,East Stroudsburg University
Bryce Mostoller,1,0,1,0,0,0,0,0,0,0,0,0,0,0,2016,East Stroudsburg University
Avery Jones,0,0,0,0,0,0,0,0,0,0,0,0,1,0,2016,East Stroudsburg University
Collin Dell,0,0,0,0,0,0,0,0,0,0,0,0,0,1,2016,East Stroudsburg University
Akeel Marsh,5,5,10,0.5,1,0,0,0,0,0,0,0,0,0,2016,Clarion University
Dante Redwood,7,2,9,0,0,0,0,0,0,0,0,0,0,0,2016,Clarion University
Dorian Stevens,4,1,5,0,0,0,0,0,0,0,0,2,0,0,2016,Clarion University
B. Abercrombie,2,2,4,1.5,3,0,0,0,1,2,0,0,0,0,2016,Clarion University
Ben Young,2,1,3,0,0,0,0,0,0,0,0,1,0,0,2016,Clarion University
Tarique Ellis,2,1,3,0,0,0,0,0,0,0,0,0,0,0,2016,Clarion University
Rocky Owens,3,0,3,0,0,0,0,0,0,0,0,0,0,0,2016,Clarion University
Nick Slonac,0,3,3,1.0,4,0,0,0,0,0,0,0,0,0,2016,Clarion University
Austin Drew,2,1,3,1.0,9,1.0,9,0,0,0,0,0,0,0,2016,Clarion University
Thomas Higgins,1,1,2,0.5,0,0,0,0,0,0,0,0,0,0,2016,Clarion University
Corbin Kessler,2,0,2,0,0,0,0,0,0,0,0,0,0,0,2016,Clarion University
Collin Dell,1,1,2,0,0,0,0,0,0,0,0,0,0,0,2016,Clarion University
Theo Blackston,0,2,2,0,0,0,0,0,0,0,0,0,0,0,2016,Clarion University
Kyle Briggs,1,0,1,0,0,0,0,0,0,0,0,0,0,0,2016,Clarion University
Danavian Clay,1,0,1,0,0,0,0,0,0,0,0,0,0,0,2016,Clarion University
Chris Smith,0,1,1,0,0,0,0,0,0,0,0,0,0,0,2016,Clarion University
Trae Williams,0,1,1,0,0,0,0,0,0,0,0,0,0,0,2016,Clarion University
Jeremy Hanford,1,0,1,0,0,0,0,0,0,0,0,0,0,0,2016,Clarion University
Alex Zacharyasz,0,1,1,0,0,0,0,0,0,0,0,0,0,0,2016,Clarion University
Ryan Carroll,1,0,1,0,0,0,0,0,0,0,0,0,0,0,2016,Clarion University
Brad Novak,1,0,1,0,0,0,0,0,0,0,0,0,0,0,2016,Clarion University
Quinn Walsh,0,1,1,0.5,3,0,0,0,0,0,0,0,0,0,2016,Clarion University
Dorian Stevens,4,6,10,0,0,0,0,0,0,0,0,0,0,0,2016,Gannon University
Akeel Marsh,2,7,9,0,0,0,0,0,0,0,0,0,0,0,2016,Gannon University
Rocky Owens,5,4,9,0,0,0,0,0,0,0,0,0,0,0,2016,Gannon University
Jakob Plonski,4,5,9,4.5,24,3.5,23,0,0,0,0,0,0,0,2016,Gannon University
Ben Young,7,1,8,0,0,0,0,0,0,0,0,1,0,0,2016,Gannon University
Corbin Kessler,0,7,7,0,0,0,0,0,0,0,0,1,0,0,2016,Gannon University
Theo Blackston,3,4,7,0.5,1,0,0,0,0,0,0,0,0,0,2016,Gannon University
Austin Drew,1,5,6,0,0,0,0,0,0,0,0,0,0,0,2016,Gannon University
Benji Abercrombie,3,3,6,1.5,2,0,0,0,0,0,0,0,0,0,2016,Gannon University
Nick Slonac,1,3,4,0,0,0,0,0,0,0,0,0,0,0,2016,Gannon University
Tarique Ellis,2,1,3,0,0,0,0,0,0,0,0,0,0,0,2016,Gannon University
Ryan Carroll,0,3,3,0.5,0,0,0,0,0,0,0,0,0,0,2016,Gannon University
Austin Brooks,1,2,3,1.0,5,0.5,5,0,0,0,0,0,0,0,2016,Gannon University
Dante Redwood,1,2,3,0,0,0,0,0,0,0,0,1,0,0,2016,Gannon University
Pierce Bauer,1,1,2,0,0,0,0,0,0,0,0,0,0,0,2016,Gannon University
E'Andre Smith,1,1,2,0,0,0,0,1,0,0,0,0,0,0,2016,Gannon University
Kazimer Struna,1,1,2,0,0,0,0,0,0,0,0,0,0,0,2016,Gannon University
Brian Matthews,1,0,1,0,0,0,0,0,0,0,0,0,0,0,2016,Gannon University
Kyle Briggs,0,1,1,0,0,0,0,0,0,0,0,0,0,0,2016,Gannon University
Justin Hawkins,1,0,1,0,0,0,0,1,0,0,0,0,0,0,2016,Gannon University
Trae Williams,0,1,1,0,0,0,0,0,0,0,0,0,0,0,2016,Gannon University
Jeremy Hanford,1,0,1,0,0,0,0,0,0,0,0,0,0,0,2016,Gannon University
Collin Dell,0,1,1,0,0,0,0,0,0,0,0,0,0,0,2016,Gannon University
Quinn Walsh,0,1,1,0,0,0,0,0,0,0,0,0,0,0,2016,Gannon University
Tarique Ellis,7,4,11,0.5,1,0,0,0,0,0,0,0,0,0,2016,Slippery Rock University
Akeel Marsh,9,0,9,0,0,0,0,0,0,0,0,1,0,0,2016,Slippery Rock University
Corbin Kessler,6,2,8,0.5,1,0,0,0,0,0,0,0,0,0,2016,Slippery Rock University
Ben Young,4,3,7,1.5,2,0,0,0,0,0,0,1,0,0,2016,Slippery Rock University
Benji Abercrombie,7,0,7,2.0,23,2.0,23,1,0,0,0,0,0,0,2016,Slippery Rock University
Dorian Stevens,3,2,5,0,0,0,0,0,0,0,0,0,0,0,2016,Slippery Rock University
Thomas Higgins,3,2,5,1.0,1,0,0,0,0,0,0,0,0,0,2016,Slippery Rock University
Austin Drew,3,2,5,0.5,0,0,0,0,0,0,0,0,0,0,2016,Slippery Rock University
Nick Slonac,3,1,4,0,0,0,0,0,0,0,0,0,0,0,2016,Slippery Rock University
Chris Peluso,3,0,3,0,0,0,0,0,0,0,0,0,0,0,2016,Slippery Rock University
E'Andre Smith,2,0,2,0,0,0,0,0,0,0,0,0,0,0,2016,Slippery Rock University
Quinn Lawless,1,1,2,0,0,0,0,0,0,0,0,0,0,0,2016,Slippery Rock University
Jakob Plonski,1,1,2,0,0,0,0,0,1,0,0,0,0,0,2016,Slippery Rock University
Kyle Briggs,1,0,1,0,0,0,0,0,0,0,0,0,0,0,2016,Slippery Rock University
Emmanuel McDowell,1,0,1,0,0,0,0,0,0,0,0,0,0,0,2016,Slippery Rock University
Theo Blackston,0,1,1,0,0,0,0,0,0,0,0,0,0,0,2016,Slippery Rock University
Dylan Kondis,1,0,1,0,0,0,0,0,0,0,0,0,0,0,2016,Slippery Rock University
Quinn Walsh,0,1,1,0,0,0,0,0,0,0,0,0,0,0,2016,Slippery Rock University
Ryan Carroll,0,0,0,0,0,0,0,0,0,0,0,0,0,1,2016,Slippery Rock University
TEAM,0,0,0,0,0,0,0,0,0,0,0,0,0,0,2016,Slippery Rock University
Jakob Plonski,6,1,7,1.0,6,0,0,0,0,0,0,0,0,0,2016,Edinboro University of Pennsylvania
Akeel Marsh,6,0,6,0,0,0,0,0,0,0,0,0,0,0,2016,Edinboro University of Pennsylvania
Tarique Ellis,5,1,6,0,0,0,0,0,0,0,0,1,0,0,2016,Edinboro University of Pennsylvania
Austin Brooks,3,1,4,0,0,0,0,0,0,0,0,0,0,0,2016,Edinboro University of Pennsylvania
Ben Young,2,1,3,0,0,0,0,0,0,0,0,0,0,0,2016,Edinboro University of Pennsylvania
Dorian Stevens,3,0,3,0,0,0,0,1,0,0,0,0,0,0,2016,Edinboro University of Pennsylvania
E. McDowell,2,0,2,0,0,0,0,0,1,0,0,0,0,0,2016,Edinboro University of Pennsylvania
Chris Smith,2,0,2,0,0,0,0,0,0,0,0,1,0,0,2016,Edinboro University of Pennsylvania
Thomas Higgins,1,1,2,0,0,0,0,0,0,0,0,0,0,0,2016,Edinboro University of Pennsylvania
Trae Williams,1,1,2,0,0,0,0,0,0,0,0,0,0,0,2016,Edinboro University of Pennsylvania
Chris Peluso,0,2,2,0.5,4,0.5,4,0,0,0,0,0,0,0,2016,Edinboro University of Pennsylvania
Ryan Carroll,2,0,2,0,0,0,0,0,0,0,0,1,0,0,2016,Edinboro University of Pennsylvania
B. Abercrombie,1,1,2,0.5,5,0.5,5,0,0,0,0,0,0,0,2016,Edinboro University of Pennsylvania
E'Andre Smith,1,0,1,0,0,0,0,1,0,0,0,0,0,0,2016,Edinboro University of Pennsylvania
Justin Hawkins,1,0,1,0,0,0,0,0,0,0,0,0,0,0,2016,Edinboro University of Pennsylvania
Pierce Bauer,1,0,1,0,0,0,0,0,0,0,0,0,0,0,2016,Edinboro University of Pennsylvania
Quinn Lawless,1,0,1,0,0,0,0,0,0,0,0,0,0,0,2016,Edinboro University of Pennsylvania
Nick Slonac,1,0,1,0,0,0,0,0,0,0,0,0,0,0,2016,Edinboro University of Pennsylvania
Austin Drew,1,0,1,0,0,0,0,0,0,0,0,0,0,0,2016,Edinboro University of Pennsylvania
Brad Novak,1,0,1,0,0,0,0,0,0,0,0,0,0,0,2016,Edinboro University of Pennsylvania
Joe Carbone,1,0,1,0,0,0,0,0,0,0,0,0,0,0,2016,Edinboro University of Pennsylvania
Theo Blackston,1,0,1,1.0,9,1.0,9,0,0,0,0,0,0,0,2016,Edinboro University of Pennsylvania
Quinn Walsh,0,1,1,0,0,0,0,0,0,0,0,0,0,0,2016,Edinboro University of Pennsylvania
TEAM,0,0,0,0,0,0,0,0,1,0,0,0,0,0,2016,Edinboro University of Pennsylvania
Akeel Marsh,6,1,7,0,0,0,0,0,0,0,0,0,0,0,2016,Seton Hill University
Tarique Ellis,4,2,6,1.0,1,0,0,0,0,0,0,0,0,0,2016,Seton Hill University
Rocky Owens,1,5,6,0,0,0,0,0,0,0,0,0,0,0,2016,Seton Hill University
Kazimer Struna,4,2,6,0.5,0,0,0,0,0,0,0,1,0,0,2016,Seton Hill University
Ryan Carroll,3,3,6,0.5,3,0,0,0,0,0,0,0,0,0,2016,Seton Hill University
Theo Blackston,4,1,5,2.0,4,1.0,3,0,0,0,0,1,0,0,2016,Seton Hill University
B. Abercrombie,2,3,5,0.5,1,0,0,0,0,0,0,0,0,0,2016,Seton Hill University
Ben Young,4,0,4,0,0,0,0,0,0,0,0,1,0,0,2016,Seton Hill University
Kyle Briggs,3,0,3,0,0,0,0,0,0,0,0,1,0,0,2016,Seton Hill University
E. McDowell,3,0,3,0,0,0,0,0,0,0,0,0,0,0,2016,Seton Hill University
Dorian Stevens,2,1,3,0,0,0,0,1,0,0,0,0,0,0,2016,Seton Hill University
Nick Slonac,1,2,3,0,0,0,0,0,0,0,0,0,0,0,2016,Seton Hill University
Chris Peluso,0,2,2,0.5,2,0,0,0,0,0,0,0,0,0,2016,Seton Hill University
Corbin Kessler,2,0,2,0,0,0,0,0,0,0,0,0,0,0,2016,Seton Hill University
E'Andre Smith,1,0,1,0,0,0,0,0,0,0,0,0,0,0,2016,Seton Hill University
J. Tarasovitch,0,1,1,0,0,0,0,0,0,0,0,0,0,0,2016,Seton Hill University
Thomas Higgins,1,0,1,0,0,0,0,0,0,0,0,0,0,0,2016,Seton Hill University
Trae Williams,0,1,1,0,0,0,0,0,0,0,0,0,0,0,2016,Seton Hill University
Jakob Plonski,1,0,1,0,0,0,0,0,0,0,0,0,0,0,2016,Seton Hill University
Fred Pantaleon,1,0,1,0,0,0,0,0,0,0,0,0,0,0,2016,Seton Hill University
Austin Brooks,1,0,1,0,0,0,0,0,0,0,0,0,0,0,2016,Seton Hill University
TEAM,0,0,0,0,0,0,0,0,0,0,0,0,1,0,2016,Seton Hill University
Kazimer Struna,6,5,11,1.0,6,1.0,6,0,0,0,0,0,0,0,2016,California University of Pennsylvania
Rocky Owens,3,6,9,0,0,0,0,0,0,0,0,0,0,0,2016,California University of Pennsylvania
Ben Young,6,1,7,0.5,1,0,0,0,0,0,0,0,0,0,2016,California University of Pennsylvania
Akeel Marsh,2,5,7,0,0,0,0,0,0,0,0,0,0,0,2016,California University of Pennsylvania
Dante Redwood,5,1,6,0,0,0,0,0,0,0,0,0,0,0,2016,California University of Pennsylvania
Tarique Ellis,3,3,6,0,0,0,0,0,0,0,0,1,0,0,2016,California University of Pennsylvania
Dorian Stevens,2,4,6,0,0,0,0,0,0,0,0,0,0,0,2016,California University of Pennsylvania
B. Abercrombie,1,5,6,0,0,0,0,0,0,0,0,0,0,0,2016,California University of Pennsylvania
Ryan Carroll,1,3,4,0,0,0,0,0,0,0,0,0,0,0,2016,California University of Pennsylvania
Austin Brooks,1,3,4,0,0,0,0,0,0,0,0,0,0,0,2016,California University of Pennsylvania
E'Andre Smith,2,1,3,0,0,0,0,0,0,0,0,0,1,0,2016,California University of Pennsylvania
J. Tarasovitch,2,1,3,1.0,3,0,0,0,0,0,0,0,0,0,2016,California University of Pennsylvania
Quinn Lawless,1,2,3,0,0,0,0,0,0,0,0,0,0,0,2016,California University of Pennsylvania
Nick Slonac,1,2,3,1.0,4,0,0,0,0,0,0,0,0,0,2016,California University of Pennsylvania
Thomas Higgins,2,0,2,0,0,0,0,0,0,0,0,0,0,0,2016,California University of Pennsylvania
Chris Peluso,1,1,2,0.5,1,0,0,0,0,0,0,0,0,0,2016,California University of Pennsylvania
Avery Jones,0,2,2,0,0,0,0,0,0,0,0,0,0,0,2016,California University of Pennsylvania
Collin Dell,0,2,2,0,0,0,0,0,0,0,0,0,0,0,2016,California University of Pennsylvania
Corbin Kessler,0,1,1,0,0,0,0,0,0,0,0,0,0,0,2016,California University of Pennsylvania
Kyle Briggs,0,0,0,0,0,0,0,0,0,0,1-0,0,0,0,2016,California University of Pennsylvania
Chris Smith,0,0,0,0,0,0,0,0,0,0,0,1,0,0,2016,California University of Pennsylvania
Tarique Ellis,6,4,10,3.5,12,0,0,0,0,0,0,0,0,0,2016,Indiana University of Pennsylvania
Ben Young,3,3,6,0,0,0,0,0,0,0,0,0,0,0,2016,Indiana University of Pennsylvania
Akeel Marsh,2,3,5,0,0,0,0,0,0,0,0,0,0,0,2016,Indiana University of Pennsylvania
Dante Redwood,3,1,4,0,0,0,0,0,0,0,0,2,0,0,2016,Indiana University of Pennsylvania
Rocky Owens,3,1,4,2.5,12,2.0,11,0,0,0,0,0,0,0,2016,Indiana University of Pennsylvania
Benji Abercrombie,3,1,4,1.0,2,0,0,0,0,0,0,0,0,0,2016,Indiana University of Pennsylvania
Chris Peluso,2,0,2,2.0,11,1.0,10,0,0,0,0,0,0,0,2016,Indiana University of Pennsylvania
Nick Slonac,1,1,2,0,0,0,0,0,0,0,0,0,0,0,2016,Indiana University of Pennsylvania
Ryan Carroll,0,2,2,0.5,0,0,0,0,0,0,0,0,0,0,2016,Indiana University of Pennsylvania
Jake Tarasovitch,1,0,1,0,0,0,0,0,0,0,0,0,0,0,2016,Indiana University of Pennsylvania
Emmanuel McDowell,0,1,1,0,0,0,0,0,0,0,0,0,0,0,2016,Indiana University of Pennsylvania
Dorian Stevens,0,1,1,0,0,0,0,0,0,0,1-4,1,0,0,2016,Indiana University of Pennsylvania
Thomas Higgins,0,1,1,0,0,0,0,0,0,0,0,0,0,0,2016,Indiana University of Pennsylvania
Pierce Bauer,0,1,1,0,0,0,0,0,0,0,0,0,0,0,2016,Indiana University of Pennsylvania
Austin Drew,0,1,1,0,0,0,0,0,0,0,0,0,0,0,2016,Indiana University of Pennsylvania
Avery Jones,1,0,1,0,0,0,0,0,0,0,0,0,0,0,2016,Indiana University of Pennsylvania
Theo Blackston,1,0,1,0,0,0,0,0,0,0,0,0,0,0,2016,Indiana University of Pennsylvania
Brendan Cole,0,1,1,0.5,2,0,0,0,0,0,0,0,0,0,2016,Indiana University of Pennsylvania
Ryan Cummings,0,0,0,0,0,0,0,0,1,11,0,0,0,0,2016,Indiana University of Pennsylvania
Akeel Marsh,5,5,10,0,0,0,0,0,0,0,0,0,0,0,2016,Lock Haven University
Tarique Ellis,4,5,9,0,0,0,0,0,0,0,1-27,2,0,0,2016,Lock Haven University
Dorian Stevens,2,3,5,1.0,7,0,0,0,0,0,0,0,0,0,2016,Lock Haven University
Jakob Plonski,3,2,5,1.0,4,0,0,0,0,0,0,0,0,0,2016,Lock Haven University
Kyle Briggs,4,0,4,0,0,0,0,0,0,0,0,1,0,0,2016,Lock Haven University
Corbin Kessler,2,2,4,0,0,0,0,0,0,0,0,1,0,0,2016,Lock Haven University
Nick Slonac,2,2,4,0,0,0,0,0,0,0,0,0,0,0,2016,Lock Haven University
E'Andre Smith,2,1,3,0,0,0,0,0,0,0,0,0,0,0,2016,Lock Haven University
Ben Young,2,1,3,0,0,0,0,0,0,0,0,1,0,0,2016,Lock Haven University
Thomas Higgins,2,1,3,0,0,0,0,0,0,0,0,0,0,1,2016,Lock Haven University
Austin Brooks,2,1,3,0,0,0,0,0,0,0,0,1,0,0,2016,Lock Haven University
B. Abercrombie,2,1,3,1.0,1,0,0,0,0,0,0,0,0,0,2016,Lock Haven University
Dante Redwood,1,1,2,0,0,0,0,0,0,0,0,1,0,0,2016,Lock Haven University
Alex Smith,1,1,2,0,0,0,0,0,0,0,0,0,0,0,2016,Lock Haven University
J. Tarasovitch,1,1,2,0,0,0,0,0,0,0,0,0,0,0,2016,Lock Haven University
E. McDowell,2,0,2,0,0,0,0,0,0,0,0,1,0,0,2016,Lock Haven University
Chris Peluso,1,1,2,0,0,0,0,0,0,0,0,0,0,0,2016,Lock Haven University
Ryan Carroll,0,2,2,0,0,0,0,0,0,0,0,0,0,0,2016,Lock Haven University
D. Benjamin,1,1,2,0,0,0,0,0,0,0,0,0,0,0,2016,Lock Haven University
Rocky Owens,1,0,1,0,0,0,0,0,0,0,0,0,0,0,2016,Lock Haven University
Chris Smith,1,0,1,0,0,0,0,0,0,0,0,0,0,0,2016,Lock Haven University
Trae Williams,0,1,1,0,0,0,0,0,0,0,0,0,0,0,2016,Lock Haven University
Kazimer Struna,0,1,1,0,0,0,0,0,0,0,1-26,0,0,0,2016,Lock Haven University
Alex Zacharyasz,0,1,1,0,0,0,0,0,0,0,0,0,0,0,2016,Lock Haven University
Avery Jones,1,0,1,0,0,0,0,0,0,0,0,0,0,0,2016,Lock Haven University
Conall Ryan,1,0,1,1.0,1,0,0,0,0,0,0,0,0,0,2016,Lock Haven University
Dante Redwood,6,1,7,0,0,0,0,0,0,0,0,4,0,0,2017,Hillsdale College
Ben Young,6,1,7,0,0,0,0,0,0,0,0,2,0,0,2017,Hillsdale College
J. Tarasovitch,5,2,7,2.0,4,0,0,0,0,0,0,0,0,0,2017,Hillsdale College
Tarique Ellis,5,1,6,0,0,0,0,0,0,0,0,0,0,0,2017,Hillsdale College
Alex Zacharyasz,4,0,4,0,0,0,0,0,0,0,0,0,0,0,2017,Hillsdale College
Rocky Owens,3,1,4,0,0,0,0,0,0,0,0,0,0,0,2017,Hillsdale College
Andrew Welton,4,0,4,1.0,2,0,0,0,0,0,0,0,0,0,2017,Hillsdale College
Henry Caldwell,3,0,3,0,0,0,0,0,0,0,0,0,0,0,2017,Hillsdale College
Chris Peluso,3,0,3,0,0,0,0,0,0,0,0,0,0,0,2017,Hillsdale College
Corbin Kessler,2,0,2,0,0,0,0,0,0,0,1-0,0,0,1,2017,Hillsdale College
Austin Brooks,2,0,2,0,0,0,0,0,0,0,0,0,0,0,2017,Hillsdale College
Tarique Ellis,7,3,10,0,0,0,0,0,0,0,0,1,0,0,2017,Kutztown University
J. Tarasovitch,8,2,10,0,0,0,0,0,0,0,0,0,0,0,2017,Kutztown University
Rocky Owens,4,5,9,1.0,3,0,0,0,0,0,0,0,0,0,2017,Kutztown University
Corbin Kessler,5,2,7,0,0,0,0,0,0,0,0,0,0,0,2017,Kutztown University
Ben Young,5,1,6,2.0,6,0,0,0,0,0,0,0,0,0,2017,Kutztown University
Alex Zacharyasz,1,5,6,1.5,3,0,0,0,0,0,0,0,0,0,2017,Kutztown University
Dante Redwood,3,1,4,0,0,0,0,0,0,0,0,2,0,0,2017,Kutztown University
Henry Caldwell,2,1,3,0,0,0,0,0,0,0,0,0,0,0,2017,Kutztown University
Chris Peluso,3,0,3,0,0,0,0,0,0,0,0,0,0,0,2017,Kutztown University
Uwaila Omorogbe,2,0,2,0,0,0,0,0,0,0,0,0,0,0,2017,Kutztown University
Austin Brooks,1,1,2,0.5,3,0,0,0,0,0,0,0,0,0,2017,Kutztown University
E. McDowell,1,0,1,0,0,0,0,0,0,0,0,0,0,0,2017,Kutztown University
Austin Drew,1,0,1,0,0,0,0,0,0,0,0,0,0,0,2017,Kutztown University
Stephen Klotz,0,1,1,0,0,0,0,0,0,0,0,0,0,0,2017,Kutztown University
Alex Zacharyasz,9,2,11,1.0,3,1.0,3,0,0,0,0,0,0,0,2017,East Stroudsburg University
J. Tarasovitch,6,2,8,0,0,0,0,0,0,0,0,0,0,0,2017,East Stroudsburg University
Tarique Ellis,4,3,7,0,0,0,0,0,0,0,0,0,0,0,2017,East Stroudsburg University
Chris Peluso,1,4,5,0,0,0,0,0,0,0,0,0,0,0,2017,East Stroudsburg University
Dante Redwood,2,1,3,0,0,0,0,0,0,0,0,2,0,0,2017,East Stroudsburg University
Corbin Kessler,1,2,3,0,0,0,0,0,0,0,0,0,0,0,2017,East Stroudsburg University
Kaz Struna,1,2,3,0,0,0,0,0,0,0,0,0,0,0,2017,East Stroudsburg University
Andrew Welton,1,2,3,1.0,4,1.0,4,0,0,0,0,0,0,0,2017,East Stroudsburg University
Ben Young,1,1,2,0,0,0,0,0,0,0,0,0,0,0,2017,East Stroudsburg University
Henry Caldwell,2,0,2,1.0,1,0,0,0,0,0,0,0,0,0,2017,East Stroudsburg University
Austin Drew,1,1,2,0,0,0,0,0,0,0,0,0,0,0,2017,East Stroudsburg University
Uwaila Omorgobe,0,2,2,0,0,0,0,0,0,0,0,0,0,0,2017,East Stroudsburg University
Jehrod Gregory,0,1,1,0,0,0,0,0,0,0,0,0,0,0,2017,East Stroudsburg University
Dremar Everette,0,1,1,0,0,0,0,0,0,0,0,0,0,0,2017,East Stroudsburg University
Austin Brooks,1,0,1,0,0,0,0,0,0,0,0,0,0,0,2017,East Stroudsburg University
Brad Novak,1,0,1,0,0,0,0,0,0,0,0,0,0,0,2017,East Stroudsburg University
Nick Altavilla,1,0,1,0,0,0,0,0,0,0,0,0,0,0,2017,East Stroudsburg University
Craig Carter,1,0,1,0,0,0,0,0,0,0,0,0,0,0,2017,East Stroudsburg University
Xavier Martin,1,0,1,0,0,0,0,0,0,0,0,0,0,0,2017,East Stroudsburg University
Quinn Walsh,1,0,1,0,0,0,0,0,0,0,0,0,0,0,2017,East Stroudsburg University
Brendan Cole,1,0,1,0,0,0,0,1,0,0,0,0,0,0,2017,East Stroudsburg University
E. McDowell,0,0,0,0,0,0,0,0,0,0,0,1,0,0,2017,East Stroudsburg University
Grayson Taylor,0,0,0,0,0,0,0,0,1,0,0,0,0,0,2017,East Stroudsburg University
Alex Zacharyasz,4,8,12,0.5,2,0.5,2,0,0,0,0,1,0,0,2017,Clarion University
Kaz Struna,8,2,10,3.0,21,2.0,17,0,0,0,0,0,0,1,2017,Clarion University
Corbin Kessler,4,4,8,1.0,8,1.0,8,0,0,0,0,1,0,0,2017,Clarion University
Joseph Scro,4,4,8,0,0,0,0,0,0,0,0,0,0,0,2017,Clarion University
Dante Redwood,6,1,7,0,0,0,0,0,0,0,0,0,0,0,2017,Clarion University
Tarique Ellis,2,4,6,0,0,0,0,0,0,0,0,1,0,0,2017,Clarion University
Andrew Welton,1,4,5,0.5,3,0.5,3,0,0,0,0,0,0,0,2017,Clarion University
Jake Tarasovitch,2,1,3,0,0,0,0,0,0,0,0,0,0,0,2017,Clarion University
Uwaila Omorgobe,1,2,3,0,0,0,0,0,0,0,0,0,0,0,2017,Clarion University
Austin Brooks,1,2,3,1.0,2,1.0,2,0,0,0,0,0,0,0,2017,Clarion University
Ben Young,1,1,2,0,0,0,0,0,0,0,0,0,0,0,2017,Clarion University
Henry Caldwell,1,1,2,0,0,0,0,0,0,0,0,0,0,0,2017,Clarion University
Emmanuel McDowell,2,0,2,0,0,0,0,0,0,0,2-76,1,0,0,2017,Clarion University
Austin Drew,0,2,2,0,0,0,0,0,0,0,0,0,0,0,2017,Clarion University
Chris Peluso,1,0,1,1.0,9,1.0,9,0,0,0,0,0,0,0,2017,Clarion University
Jehrod Gregory,0,1,1,0,0,0,0,0,0,0,0,1,0,0,2017,Clarion University
Nick Altavilla,0,1,1,0,0,0,0,0,0,0,0,0,0,0,2017,Clarion University
Craig Carter,0,1,1,0,0,0,0,0,0,0,0,0,0,0,2017,Clarion University
Xavier Martin,0,1,1,0,0,0,0,0,0,0,0,0,0,0,2017,Clarion University
Chris Peluso,4,9,13,1.0,1,1.0,1,0,0,0,0,0,0,0,2017,Gannon University
Tarique Ellis,3,6,9,0,0,0,0,0,0,0,0,2,0,0,2017,Gannon University
Alex Zacharyasz,4,5,9,0,0,0,0,0,0,0,0,0,0,0,2017,Gannon University
J. Tarasovitch,2,7,9,0,0,0,0,0,0,0,0,1,0,0,2017,Gannon University
Kaz Struna,1,7,8,0,0,0,0,0,0,0,0,0,0,0,2017,Gannon University
Dante Redwood,5,1,6,0,0,0,0,0,0,0,1-38,1,0,0,2017,Gannon University
Corbin Kessler,2,2,4,0,0,0,0,0,0,0,0,2,0,0,2017,Gannon University
Uwaila Omorogbe,1,2,3,0,0,0,0,0,0,0,0,0,0,0,2017,Gannon University
Austin Brooks,0,3,3,0,0,0,0,0,0,0,0,0,0,0,2017,Gannon University
Austin Drew,1,1,2,0,0,0,0,0,0,0,0,0,0,0,2017,Gannon University
Ben Young,0,1,1,0,0,0,0,0,0,0,0,0,0,0,2017,Gannon University
Henry Caldwell,1,0,1,0,0,0,0,0,0,0,0,0,0,0,2017,Gannon University
E. McDowell,0,1,1,0,0,0,0,0,0,0,0,0,0,0,2017,Gannon University
Grayson Taylor,0,1,1,0,0,0,0,0,0,0,0,0,0,0,2017,Gannon University
Jehrod Gregory,0,1,1,0,0,0,0,0,0,0,0,0,0,0,2017,Gannon University
Xavier Martin,0,1,1,0,0,0,0,0,0,0,0,0,0,0,2017,Gannon University
Brendan Cole,1,0,1,0,0,0,0,0,0,0,0,0,0,0,2017,Gannon University
Alex Zacharyasz,4,7,11,1.0,2,0,0,0,0,0,0,0,0,0,2017,Slippery Rock University
J. Tarasovitch,5,4,9,0,0,0,0,0,0,0,0,0,0,0,2017,Slippery Rock University
Ben Young,5,2,7,0,0,0,0,0,0,0,0,1,0,0,2017,Slippery Rock University
Chris Peluso,6,1,7,1.0,4,0,0,0,0,0,0,0,0,0,2017,Slippery Rock University
Corbin Kessler,3,3,6,0,0,0,0,0,0,0,0,0,0,0,2017,Slippery Rock University
Joseph Scro,3,3,6,0,0,0,0,0,0,0,0,0,0,0,2017,Slippery Rock University
Kaz Struna,1,3,4,0,0,0,0,0,0,0,0,0,0,0,2017,Slippery Rock University
Andrew Welton,2,2,4,1.5,5,1.5,5,0,0,0,0,0,0,0,2017,Slippery Rock University
Tarique Ellis,2,1,3,0,0,0,0,0,0,0,0,0,0,0,2017,Slippery Rock University
Austin Drew,2,1,3,1.0,5,1.0,5,0,0,0,0,0,0,0,2017,Slippery Rock University
Austin Brooks,1,1,2,0.5,2,0,0,0,0,0,0,0,0,0,2017,Slippery Rock University
Henry Caldwell,0,1,1,0,0,0,0,0,0,0,0,0,0,0,2017,Slippery Rock University
Garrett Owens,1,0,1,0,0,0,0,0,0,0,0,0,0,0,2017,Slippery Rock University
E. McDowell,1,0,1,0,0,0,0,0,0,0,0,0,0,0,2017,Slippery Rock University
Clay Waldron,1,0,1,0,0,0,0,0,0,0,0,0,0,0,2017,Slippery Rock University
Grayson Taylor,0,1,1,0.5,0,0,0,0,0,0,0,0,0,0,2017,Slippery Rock University
Jon LoChiatto,1,0,1,0,0,0,0,0,0,0,0,0,0,0,2017,Slippery Rock University
Uwaila Omorogbe,0,1,1,0.5,1,0.5,1,0,0,0,0,0,0,0,2017,Slippery Rock University
Nick Altavilla,0,1,1,0,0,0,0,0,0,0,0,0,0,0,2017,Slippery Rock University
Matthew Hudson,1,0,1,0,0,0,0,0,0,0,0,0,0,0,2017,Slippery Rock University
Xavier Martin,1,0,1,0,0,0,0,0,0,0,0,0,0,0,2017,Slippery Rock University
Dante Redwood,0,0,0,0,0,0,0,0,0,0,0,2,0,0,2017,Slippery Rock University
Alex Zacharyasz,2,6,8,0,0,0,0,0,0,0,0,0,0,0,2017,Edinboro University of Pennsylvania
Corbin Kessler,4,4,8,1.5,2,0,0,0,0,0,0,0,0,0,2017,Edinboro University of Pennsylvania
Joseph Scro,5,2,7,2.0,10,2.0,10,0,0,0,0,0,0,0,2017,Edinboro University of Pennsylvania
Dante Redwood,2,3,5,0.5,1,0,0,0,0,0,1-63,0,0,0,2017,Edinboro University of Pennsylvania
Tarique Ellis,3,1,4,0,0,0,0,0,0,0,1-13,0,0,0,2017,Edinboro University of Pennsylvania
J. Tarasovitch,2,2,4,0,0,0,0,0,0,0,0,0,0,0,2017,Edinboro University of Pennsylvania
Ben Young,3,0,3,0,0,0,0,0,0,0,0,0,0,0,2017,Edinboro University of Pennsylvania
Andrew Welton,2,1,3,1.5,3,0,0,0,0,0,0,0,0,0,2017,Edinboro University of Pennsylvania
Quinn Walsh,0,3,3,0,0,0,0,0,0,0,0,0,0,0,2017,Edinboro University of Pennsylvania
C. Thompson,0,2,2,0,0,0,0,0,0,0,0,0,0,0,2017,Edinboro University of Pennsylvania
Kaz Struna,2,0,2,0,0,0,0,0,0,0,0,0,0,0,2017,Edinboro University of Pennsylvania
Austin Brooks,1,1,2,0,0,0,0,0,0,0,0,0,0,0,2017,Edinboro University of Pennsylvania
Henry Caldwell,0,1,1,0,0,0,0,0,0,0,0,0,0,0,2017,Edinboro University of Pennsylvania
Grayson Taylor,1,0,1,0,0,0,0,0,0,0,0,0,0,0,2017,Edinboro University of Pennsylvania
Chris Peluso,1,0,1,0,0,0,0,0,0,0,0,0,0,0,2017,Edinboro University of Pennsylvania
Austin Drew,1,0,1,0,0,0,0,0,0,0,0,0,0,0,2017,Edinboro University of Pennsylvania
Payne Harrison,0,1,1,0,0,0,0,0,0,0,0,0,0,0,2017,Edinboro University of Pennsylvania
Uwaila Omorogbe,0,1,1,0,0,0,0,0,0,0,0,0,0,0,2017,Edinboro University of Pennsylvania
Dustin Rogalla,0,1,1,0,0,0,0,0,0,0,0,0,0,0,2017,Edinboro University of Pennsylvania
Steven Stauss,1,0,1,0,0,0,0,0,0,0,0,0,0,0,2017,Edinboro University of Pennsylvania
Xavier Martin,0,1,1,0.5,0,0,0,0,0,0,0,0,0,0,2017,Edinboro University of Pennsylvania
Joseph Scro,7,5,12,0,0,0,0,0,0,0,1-62,0,0,0,2017,Seton Hill University
Ben Young,6,4,10,0,0,0,0,0,0,0,0,0,0,0,2017,Seton Hill University
Kaz Struna,4,5,9,0,0,0,0,0,0,0,0,0,0,0,2017,Seton Hill University
J. Tarasovitch,2,6,8,0,0,0,0,0,0,0,0,0,0,0,2017,Seton Hill University
Corbin Kessler,3,4,7,1.0,3,0,0,1,2,0,0,0,0,0,2017,Seton Hill University
Andrew Welton,4,3,7,2.0,3,0,0,0,0,0,0,0,0,0,2017,Seton Hill University
Tarique Ellis,2,4,6,0.5,0,0,0,1,0,0,0,0,0,0,2017,Seton Hill University
Chris Peluso,4,2,6,0,0,0,0,1,0,0,0,1,0,0,2017,Seton Hill University
Dante Redwood,3,2,5,0.5,1,0,0,0,0,0,0,0,0,0,2017,Seton Hill University
Dante Rodriguez,0,3,3,0,0,0,0,0,0,0,0,0,0,0,2017,Seton Hill University
Austin Brooks,2,1,3,1.0,1,0,0,0,0,0,0,1,0,0,2017,Seton Hill University
Gunner Mefferd,1,1,2,0,0,0,0,0,0,0,0,0,0,0,2017,Seton Hill University
E. McDowell,0,2,2,0,0,0,0,0,0,0,0,1,0,0,2017,Seton Hill University
Austin Drew,2,0,2,0,0,0,0,0,0,0,0,0,0,0,2017,Seton Hill University
Quinn Walsh,2,0,2,0,0,0,0,0,0,0,0,0,0,0,2017,Seton Hill University
Aubrey Leverich,0,1,1,0,0,0,0,0,0,0,0,0,0,0,2017,Seton Hill University
Tom Sever,0,1,1,0,0,0,0,0,0,0,0,0,0,0,2017,Seton Hill University
Uwaila Omorogbe,1,0,1,1.0,5,0,0,0,0,0,0,0,0,0,2017,Seton Hill University
Matthew Hudson,0,1,1,0,0,0,0,0,0,0,0,0,0,0,2017,Seton Hill University
Xavier Martin,0,1,1,0,0,0,0,0,0,0,0,0,0,0,2017,Seton Hill University
J. Tarasovitch,5,6,11,1.0,1,0,0,0,0,0,0,0,0,0,2017,California University of Pennsylvania
Joseph Scro,4,6,10,1.5,2,0,0,1,0,0,0,0,0,0,2017,California University of Pennsylvania
Corbin Kessler,7,1,8,0,0,0,0,0,0,0,0,1,0,0,2017,California University of Pennsylvania
Andrew Welton,6,2,8,2.0,8,2.0,8,2,0,0,0,1,0,0,2017,California University of Pennsylvania
Dante Redwood,6,1,7,0,0,0,0,0,0,0,0,1,0,0,2017,California University of Pennsylvania
Ben Young,4,3,7,0,0,0,0,0,0,0,0,2,0,0,2017,California University of Pennsylvania
Tarique Ellis,5,1,6,0,0,0,0,0,0,0,0,1,0,0,2017,California University of Pennsylvania
Kaz Struna,2,4,6,0.5,0,0,0,0,0,0,0,0,0,0,2017,California University of Pennsylvania
Austin Brooks,3,0,3,0,0,0,0,0,1,0,0,0,0,0,2017,California University of Pennsylvania
Quinn Lawless,1,0,1,0,0,0,0,0,0,0,0,0,0,0,2017,California University of Pennsylvania
Grayson Taylor,1,0,1,0,0,0,0,0,0,0,0,0,0,0,2017,California University of Pennsylvania
Dante Rodriguez,1,0,1,0,0,0,0,0,0,0,0,0,0,0,2017,California University of Pennsylvania
Chris Peluso,0,1,1,0,0,0,0,0,0,0,0,0,0,0,2017,California University of Pennsylvania
Austin Drew,1,0,1,1.0,2,1.0,2,0,0,0,0,0,0,0,2017,California University of Pennsylvania
Uwaila Omorogbe,0,1,1,0,0,0,0,0,1,0,0,1,0,1,2017,California University of Pennsylvania
Nick Altavilla,0,1,1,0,0,0,0,0,0,0,0,0,0,0,2017,California University of Pennsylvania
Matthew Hudson,0,1,1,0,0,0,0,0,0,0,0,0,0,0,2017,California University of Pennsylvania
Quinn Walsh,1,0,1,0,0,0,0,0,0,0,0,0,0,0,2017,California University of Pennsylvania
Brendan Cole,1,0,1,0,0,0,0,0,0,0,0,0,0,0,2017,California University of Pennsylvania
Joseph Scro,9,7,16,0.5,0,0,0,0,0,0,0,0,0,0,2017,Indiana University of Pennsylvania
J. Tarasovitch,3,8,11,0,0,0,0,0,0,0,0,0,0,0,2017,Indiana University of Pennsylvania
Kaz Struna,4,6,10,0,0,0,0,0,0,0,0,0,0,0,2017,Indiana University of Pennsylvania
Ben Young,3,5,8,0,0,0,0,0,0,0,0,0,0,0,2017,Indiana University of Pennsylvania
Dante Redwood,6,1,7,1.0,2,0,0,0,0,0,0,1,0,0,2017,Indiana University of Pennsylvania
Corbin Kessler,5,2,7,0,0,0,0,0,0,0,1-0,0,0,0,2017,Indiana University of Pennsylvania
Austin Brooks,2,5,7,0,0,0,0,0,0,0,0,0,0,0,2017,Indiana University of Pennsylvania
Jehrod Gregory,2,3,5,0,0,0,0,0,0,0,0,0,0,0,2017,Indiana University of Pennsylvania
Tarique Ellis,1,3,4,0,0,0,0,0,0,0,0,0,0,0,2017,Indiana University of Pennsylvania
Chris Peluso,0,3,3,0,0,0,0,0,0,0,0,0,0,0,2017,Indiana University of Pennsylvania
Quinn Walsh,1,2,3,0.5,1,0,0,0,0,0,0,0,0,0,2017,Indiana University of Pennsylvania
E. McDowell,1,1,2,0,0,0,0,0,0,0,0,0,0,0,2017,Indiana University of Pennsylvania
Austin Drew,2,0,2,0,0,0,0,0,0,0,0,0,0,0,2017,Indiana University of Pennsylvania
Uwaila Omorogbe,0,2,2,0,0,0,0,0,0,0,0,0,0,0,2017,Indiana University of Pennsylvania
Xavier Martin,1,1,2,0,0,0,0,0,0,0,0,0,0,0,2017,Indiana University of Pennsylvania
Zach Smith,0,1,1,0,0,0,0,0,0,0,0,0,0,0,2017,Indiana University of Pennsylvania
Matthew Hudson,1,0,1,0,0,0,0,0,0,0,0,0,0,0,2017,Indiana University of Pennsylvania
Joseph Scro,8,3,11,0,0,0,0,0,0,0,1-0,0,0,1,2017,Lock Haven University
J. Tarasovitch,6,2,8,0,0,0,0,0,0,0,0,0,0,0,2017,Lock Haven University
Tarique Ellis,4,2,6,0.5,2,0,0,0,0,0,0,0,0,0,2017,Lock Haven University
Ben Young,5,0,5,0,0,0,0,0,0,0,0,1,0,0,2017,Lock Haven University
Austin Brooks,4,1,5,1.0,2,0,0,0,0,0,0,0,0,0,2017,Lock Haven University
Corbin Kessler,3,1,4,0.5,1,0,0,0,0,0,0,0,0,0,2017,Lock Haven University
Hunter Merritt,3,0,3,0,0,0,0,0,0,0,0,0,0,0,2017,Lock Haven University
Kaz Struna,3,0,3,0,0,0,0,0,0,0,0,0,0,0,2017,Lock Haven University
Chris Peluso,2,0,2,0,0,0,0,0,0,0,0,0,0,0,2017,Lock Haven University
Jehrod Gregory,2,0,2,1.0,8,1.0,8,0,0,0,0,0,0,0,2017,Lock Haven University
Andrew Welton,2,0,2,1.0,2,0,0,0,0,0,0,0,0,0,2017,Lock Haven University
Clay Waldron,1,0,1,0,0,0,0,0,0,0,0,0,0,0,2017,Lock Haven University
Quinn Lawless,0,1,1,0,0,0,0,0,0,0,0,0,0,0,2017,Lock Haven University
Henry Caldwell,1,0,1,0,0,0,0,0,0,0,0,0,0,0,2017,Lock Haven University
Danavian Clay,0,1,1,0,0,0,0,0,0,0,0,0,0,0,2017,Lock Haven University
E. McDowell,1,0,1,0,0,0,0,0,0,0,0,0,0,0,2017,Lock Haven University
Austin Drew,1,0,1,0,0,0,0,0,0,0,0,0,0,0,2017,Lock Haven University
Dremar Everette,0,1,1,0,0,0,0,0,0,0,0,0,0,0,2017,Lock Haven University
Uwaila Omorogbe,1,0,1,0,0,0,0,0,0,0,0,0,0,0,2017,Lock Haven University
Doug Altavilla,1,0,1,0,0,0,0,0,0,0,0,0,0,0,2017,Lock Haven University
Dante Redwood,0,0,0,0,0,0,0,0,0,0,0,1,0,0,2017,Lock Haven University
Rocky Owens,5,6,11,1.5,2,0,0,0,0,0,0,0,0,0,2018,Hillsdale College
J. Tarasovitch,5,4,9,0,0,0,0,1,0,0,0,0,0,0,2018,Hillsdale College
Corbin Kessler,7,1,8,1.0,2,0,0,0,0,0,0,0,0,0,2018,Hillsdale College
Dante Redwood,4,3,7,0,0,0,0,1,0,0,0,0,0,0,2018,Hillsdale College
Henry Caldwell,3,4,7,0,0,0,0,0,0,0,0,3,0,0,2018,Hillsdale College
Dante Rodriguez,3,3,6,0,0,0,0,0,1,26,0,0,0,0,2018,Hillsdale College
Alex Zacharyasz,0,4,4,0,0,0,0,0,0,0,0,0,0,0,2018,Hillsdale College
Chris Peluso,3,0,3,1.0,8,1.0,8,0,0,0,0,0,0,0,2018,Hillsdale College
U. Omorogbe,2,1,3,1.0,1,0,0,1,0,0,0,0,0,0,2018,Hillsdale College
Joseph Scro,0,2,2,0,0,0,0,0,0,0,0,0,0,0,2018,Hillsdale College
Austin Drew,1,1,2,0,0,0,0,0,0,0,0,0,0,0,2018,Hillsdale College
Kaz Struna,0,2,2,0,0,0,0,0,0,0,0,0,0,0,2018,Hillsdale College
Clay Waldron,1,0,1,0,0,0,0,0,0,0,0,0,0,0,2018,Hillsdale College
T. Zacharyasz,1,0,1,0,0,0,0,0,0,0,0,0,0,0,2018,Hillsdale College
Jehrod Gregory,0,1,1,0,0,0,0,0,0,0,0,0,0,0,2018,Hillsdale College
Ayron Thompson,1,0,1,0,0,0,0,0,0,0,0,0,0,0,2018,Hillsdale College
Eljon Williams,0,1,1,0,0,0,0,0,0,0,0,0,0,0,2018,Hillsdale College
Xavier Martin,0,1,1,0.5,1,0,0,0,0,0,0,0,0,0,2018,Hillsdale College
TEAM,1,0,1,0,0,0,0,1,0,0,0,0,0,0,2018,Hillsdale College
Alex Zacharyasz,5,6,11,1.5,3,0,0,0,0,0,0,0,0,0,2018,Tiffin University (Ohio)
Rocky Owens,4,6,10,2.0,16,1.0,12,1,0,0,0,0,0,0,2018,Tiffin University (Ohio)
Corbin Kessler,3,7,10,0.5,0,0,0,0,0,0,0,2,0,0,2018,Tiffin University (Ohio)
Dante Redwood,6,2,8,0,0,0,0,0,0,0,0,2,0,0,2018,Tiffin University (Ohio)
Chris Peluso,3,5,8,1.0,2,0,0,0,0,0,0,0,0,0,2018,Tiffin University (Ohio)
Henry Caldwell,4,3,7,0,0,0,0,0,0,0,0,1,0,0,2018,Tiffin University (Ohio)
Dante Rodriguez,2,4,6,0,0,0,0,0,0,0,0,0,0,0,2018,Tiffin University (Ohio)
J. Tarasovitch,3,3,6,0,0,0,0,0,0,0,0,0,0,0,2018,Tiffin University (Ohio)
Jehrod Gregory,1,4,5,1.0,2,0.5,1,0,0,0,0,0,0,0,2018,Tiffin University (Ohio)
Matthew Hudson,1,2,3,0.5,0,0.5,0,0,0,0,0,0,0,0,2018,Tiffin University (Ohio)
Xavier Martin,2,1,3,1.0,9,1.0,9,0,0,0,0,0,0,0,2018,Tiffin University (Ohio)
Hunter Merritt,2,0,2,0,0,0,0,0,0,0,0,0,0,0,2018,Tiffin University (Ohio)
Joseph Scro,1,1,2,0,0,0,0,0,0,0,0,0,0,0,2018,Tiffin University (Ohio)
Jon LoChiatto,0,1,1,0,0,0,0,0,0,0,0,0,0,0,2018,Tiffin University (Ohio)
Austin Drew,0,1,1,0,0,0,0,0,0,0,0,0,0,0,2018,Tiffin University (Ohio)
Kaz Struna,1,0,1,0,0,0,0,0,0,0,0,0,0,0,2018,Tiffin University (Ohio)
Aubrey Leverich,1,0,1,0,0,0,0,0,0,0,0,0,0,0,2018,Tiffin University (Ohio)
T. Blackston,1,0,1,0,0,0,0,0,0,0,0,0,0,0,2018,Tiffin University (Ohio)
Dylan Wall,0,1,1,0.5,1,0,0,0,0,0,0,0,0,0,2018,Tiffin University (Ohio)
U. Omorogbe,0,1,1,0,0,0,0,0,0,0,0,0,0,0,2018,Tiffin University (Ohio)
Brendan Cole,1,0,1,0,0,0,0,0,0,0,0,0,0,0,2018,Tiffin University (Ohio)
Dante Rodriguez,6,1,7,1.0,2,0,0,0,0,0,0,0,0,0,2018,Bloomsburg University
Rocky Owens,5,2,7,1.0,1,1.0,1,0,0,0,0,0,0,0,2018,Bloomsburg University
Henry Caldwell,6,1,7,0,0,0,0,0,0,0,0,1,0,0,2018,Bloomsburg University
Chris Peluso,2,5,7,0.5,2,0,0,0,0,0,0,0,0,0,2018,Bloomsburg University
Alex Zacharyasz,2,4,6,1.0,3,0,0,0,0,0,0,0,0,0,2018,Bloomsburg University
J. Tarasovitch,3,3,6,1.5,10,1.0,8,0,0,0,0,0,0,0,2018,Bloomsburg University
Corbin Kessler,3,1,4,1.0,3,0,0,0,0,0,0,0,0,0,2018,Bloomsburg University
Dante Redwood,2,1,3,0.5,2,0,0,0,0,0,0,3,0,0,2018,Bloomsburg University
Austin Drew,2,1,3,0,0,0,0,0,0,0,0,0,0,0,2018,Bloomsburg University
U. Omorogbe,2,1,3,1.0,1,0,0,0,0,0,0,0,0,0,2018,Bloomsburg University
Joseph Scro,2,0,2,0,0,0,0,0,0,0,0,0,0,0,2018,Bloomsburg University
Jacob Holl,1,1,2,0,0,0,0,0,0,0,0,0,0,0,2018,Bloomsburg University
Aubrey Leverich,0,2,2,0,0,0,0,0,0,0,0,0,0,0,2018,Bloomsburg University
Matthew Hudson,2,0,2,0,0,0,0,0,0,0,0,0,0,0,2018,Bloomsburg University
Jon LoChiatto,0,1,1,0,0,0,0,0,0,0,0,0,0,0,2018,Bloomsburg University
Clay Waldron,0,1,1,0,0,0,0,0,0,0,0,0,0,0,2018,Bloomsburg University
T. Zacharyasz,1,0,1,0,0,0,0,0,0,0,0,0,0,0,2018,Bloomsburg University
Jehrod Gregory,0,1,1,0,0,0,0,0,0,0,0,1,0,0,2018,Bloomsburg University
B. Burrows,0,1,1,0,0,0,0,0,0,0,0,0,0,0,2018,Bloomsburg University
Nate Baillie,1,0,1,0,0,0,0,0,0,0,0,0,0,0,2018,Bloomsburg University
Eljon Williams,1,0,1,0,0,0,0,0,0,0,0,0,0,0,2018,Bloomsburg University
Xavier Martin,0,1,1,0.5,1,0,0,0,0,0,0,0,0,0,2018,Bloomsburg University
J. Tarasovitch,7,7,14,0,0,0,0,0,0,0,0,1,0,0,2018,Indiana University of Pennsylvania
Chris Peluso,1,12,13,0,0,0,0,0,0,0,0,0,0,0,2018,Indiana University of Pennsylvania
Dante Rodriguez,7,5,12,0,0,0,0,0,0,0,0,1,0,0,2018,Indiana University of Pennsylvania
Corbin Kessler,1,6,7,0,0,0,0,0,0,0,0,0,0,0,2018,Indiana University of Pennsylvania
Kaz Struna,0,6,6,0,0,0,0,0,0,0,0,0,0,0,2018,Indiana University of Pennsylvania
Henry Caldwell,2,3,5,0,0,0,0,0,0,0,0,0,0,0,2018,Indiana University of Pennsylvania
Alex Zacharyasz,0,3,3,0,0,0,0,0,0,0,0,0,0,0,2018,Indiana University of Pennsylvania
Austin Drew,0,3,3,0,0,0,0,0,1,0,0,0,0,0,2018,Indiana University of Pennsylvania
Matthew Hudson,1,2,3,0,0,0,0,0,0,0,0,0,0,0,2018,Indiana University of Pennsylvania
Dante Redwood,1,1,2,0,0,0,0,0,0,0,0,2,0,0,2018,Indiana University of Pennsylvania
Rocky Owens,0,2,2,0,0,0,0,0,0,0,0,0,0,0,2018,Indiana University of Pennsylvania
T. Zacharyasz,1,1,2,0,0,0,0,0,0,0,0,0,0,0,2018,Indiana University of Pennsylvania
Aubrey Leverich,1,1,2,0,0,0,0,0,0,0,0,0,0,0,2018,Indiana University of Pennsylvania
U. Omorogbe,2,0,2,0,0,0,0,0,0,0,0,0,0,0,2018,Indiana University of Pennsylvania
Eljon Williams,0,2,2,0,0,0,0,0,0,0,0,0,0,0,2018,Indiana University of Pennsylvania
Xavier Martin,1,1,2,1.0,1,1.0,1,1,0,0,0,0,0,0,2018,Indiana University of Pennsylvania
Cortez Watson,1,0,1,0,0,0,0,0,0,0,0,0,0,0,2018,Indiana University of Pennsylvania
Hunter Merritt,1,0,1,0,0,0,0,0,0,0,0,0,0,0,2018,Indiana University of Pennsylvania
Garrett Owens,1,0,1,0,0,0,0,0,0,0,0,0,0,0,2018,Indiana University of Pennsylvania
Jacob Holl,1,0,1,0,0,0,0,0,0,0,0,0,0,0,2018,Indiana University of Pennsylvania
Jehrod Gregory,1,0,1,0,0,0,0,0,0,0,0,0,0,0,2018,Indiana University of Pennsylvania
Ayron Thompson,1,0,1,0,0,0,0,0,0,0,0,0,0,0,2018,Indiana University of Pennsylvania
Craig Carter,0,1,1,0,0,0,0,0,0,0,0,0,0,0,2018,Indiana University of Pennsylvania
Corbin Kessler,7,2,9,1.0,2,0,0,0,0,0,0,0,0,0,2018,Slippery Rock University
Rocky Owens,3,5,8,0,0,0,0,0,0,0,0,0,0,0,2018,Slippery Rock University
Thomas Zacharyasz,3,5,8,1.0,2,0,0,0,0,0,0,0,0,1,2018,Slippery Rock University
Dante Redwood,4,3,7,0,0,0,0,0,0,0,0,1,0,0,2018,Slippery Rock University
Dante Rodriguez,4,2,6,0,0,0,0,0,0,0,0,1,0,1,2018,Slippery Rock University
Jake Tarasovitch,2,4,6,1.0,2,0,0,0,0,0,0,0,0,0,2018,Slippery Rock University
Alex Zacharyasz,3,2,5,0,0,0,0,0,0,0,0,0,0,1,2018,Slippery Rock University
Chris Peluso,3,1,4,1.0,4,1.0,4,0,0,0,0,0,0,0,2018,Slippery Rock University
Henry Caldwell,3,0,3,0,0,0,0,0,0,0,0,0,0,0,2018,Slippery Rock University
Jehrod Gregory,2,1,3,1.0,4,0,0,1,0,0,0,0,0,0,2018,Slippery Rock University
Uwaila Omorogbe,1,2,3,0.5,3,0.5,3,0,0,0,0,1,0,0,2018,Slippery Rock University
Jon LoChiatto,2,0,2,0,0,0,0,0,0,0,0,0,0,0,2018,Slippery Rock University
Alex Weimer,1,1,2,0,0,0,0,0,0,0,0,0,0,0,2018,Slippery Rock University
Kaz Struna,1,1,2,0,0,0,0,0,0,0,0,0,0,0,2018,Slippery Rock University
Brendan Cole,2,0,2,1.0,12,1.0,12,0,0,0,0,0,0,0,2018,Slippery Rock University
Hunter Merritt,0,1,1,0,0,0,0,0,0,0,0,0,0,0,2018,Slippery Rock University
Jacob Weyand,1,0,1,0,0,0,0,0,0,0,0,0,0,0,2018,Slippery Rock University
Joseph Scro,1,0,1,0,0,0,0,0,0,0,0,0,0,0,2018,Slippery Rock University
Jacob Holl,0,1,1,0,0,0,0,0,0,0,0,0,0,0,2018,Slippery Rock University
Austin Drew,0,1,1,0.5,3,0.5,3,0,0,0,0,1,0,0,2018,Slippery Rock University
Ayron Thompson,1,0,1,0,0,0,0,0,0,0,0,0,0,0,2018,Slippery Rock University
Stephen Klotz,1,0,1,0,0,0,0,0,0,0,0,0,0,0,2018,Slippery Rock University
Matthew Hudson,1,0,1,0,0,0,0,0,0,0,0,1,0,0,2018,Slippery Rock University
Xavier Martin,1,0,1,0,0,0,0,0,0,0,0,0,0,0,2018,Slippery Rock University
J. Tarasovitch,4,5,9,0,0,0,0,0,0,0,0,0,0,0,2018,Edinboro University of Pennsylvania
Rocky Owens,7,1,8,2.0,2,0,0,0,0,0,0,0,0,0,2018,Edinboro University of Pennsylvania
Dante Rodriguez,5,1,6,1.0,1,0,0,0,0,0,0,0,0,0,2018,Edinboro University of Pennsylvania
Alex Zacharyasz,3,3,6,0,0,0,0,0,0,0,0,0,0,0,2018,Edinboro University of Pennsylvania
Chris Peluso,5,1,6,2.0,8,1.0,2,0,0,0,0,0,0,0,2018,Edinboro University of Pennsylvania
Henry Caldwell,3,1,4,0,0,0,0,0,0,0,1-2,1,0,0,2018,Edinboro University of Pennsylvania
Jon LoChiatto,2,1,3,0,0,0,0,0,0,0,0,0,0,0,2018,Edinboro University of Pennsylvania
Jehrod Gregory,0,3,3,0,0,0,0,0,0,0,0,0,0,0,2018,Edinboro University of Pennsylvania
Dante Redwood,0,2,2,0,0,0,0,0,0,0,1-0,4,0,0,2018,Edinboro University of Pennsylvania
Alex Weimer,1,1,2,0,0,0,0,0,0,0,0,1,0,0,2018,Edinboro University of Pennsylvania
Xavier Martin,1,1,2,0,0,0,0,0,0,0,0,0,0,0,2018,Edinboro University of Pennsylvania
Brendan Cole,2,0,2,0,0,0,0,0,0,0,0,0,0,0,2018,Edinboro University of Pennsylvania
Hunter Merritt,1,0,1,0,0,0,0,0,0,0,0,0,0,0,2018,Edinboro University of Pennsylvania
Clay Waldron,0,1,1,0,0,0,0,0,0,0,0,0,0,0,2018,Edinboro University of Pennsylvania
Joseph Scro,0,1,1,0,0,0,0,0,0,0,0,0,0,0,2018,Edinboro University of Pennsylvania
Jacob Holl,1,0,1,0,0,0,0,0,0,0,0,0,0,0,2018,Edinboro University of Pennsylvania
T. Zacharyasz,0,1,1,0,0,0,0,0,0,0,0,0,0,0,2018,Edinboro University of Pennsylvania
Kaz Struna,1,0,1,1.0,8,1.0,8,0,0,0,0,0,0,0,2018,Edinboro University of Pennsylvania
Payne Harrison,1,0,1,0,0,0,0,0,0,0,0,0,0,0,2018,Edinboro University of Pennsylvania
U. Omorogbe,0,1,1,0,0,0,0,0,0,0,0,0,0,0,2018,Edinboro University of Pennsylvania
Corbin Kessler,0,0,0,0,0,0,0,0,0,0,1-0,0,0,0,2018,Edinboro University of Pennsylvania
Corbin Kessler,7,3,10,0,0,0,0,0,0,0,0,2,0,0,2018,Seton Hill University
Alex Zacharyasz,6,0,6,0,0,0,0,0,0,0,0,0,0,0,2018,Seton Hill University
Dante Redwood,3,1,4,0,0,0,0,0,0,0,1-0,0,0,0,2018,Seton Hill University
Rocky Owens,2,2,4,0.5,2,0,0,0,0,0,0,0,0,0,2018,Seton Hill University
Joseph Scro,3,1,4,0,0,0,0,0,0,0,0,0,0,0,2018,Seton Hill University
Alex Weimer,2,2,4,0,0,0,0,0,0,0,0,0,0,0,2018,Seton Hill University
Chris Peluso,2,2,4,0.5,4,0.5,4,0,0,0,0,0,0,0,2018,Seton Hill University
Jehrod Gregory,2,1,3,1.5,4,0,0,0,0,0,0,0,0,0,2018,Seton Hill University
Xavier Martin,2,1,3,1.0,8,0,0,0,0,0,0,0,0,0,2018,Seton Hill University
Henry Caldwell,2,0,2,0,0,0,0,0,0,0,0,1,0,0,2018,Seton Hill University
J. Tarasovitch,1,1,2,0,0,0,0,0,0,0,0,0,0,0,2018,Seton Hill University
Kaz Struna,1,1,2,0,0,0,0,0,0,0,0,0,0,0,2018,Seton Hill University
U. Omorogbe,0,2,2,0.5,5,0.5,5,0,0,0,0,0,0,0,2018,Seton Hill University
Jon LoChiatto,1,0,1,0,0,0,0,0,0,0,0,0,0,0,2018,Seton Hill University
Clay Waldron,1,0,1,0,0,0,0,0,0,0,0,0,0,0,2018,Seton Hill University
Austin Drew,1,0,1,1.0,12,1.0,12,0,0,0,0,0,0,0,2018,Seton Hill University
S. Zernechel,0,1,1,0,0,0,0,0,0,0,0,0,0,0,2018,Seton Hill University
T. Zacharyasz,0,1,1,0,0,0,0,0,0,0,0,0,0,0,2018,Seton Hill University
T. Blackston,1,0,1,0,0,0,0,0,0,0,0,0,0,0,2018,Seton Hill University
Eljon Williams,0,1,1,0,0,0,0,0,0,0,0,0,0,0,2018,Seton Hill University
Ayron Thompson,1,0,1,1.0,2,0,0,0,0,0,0,0,0,0,2018,Seton Hill University
Nick Altavilla,0,1,1,0,0,0,0,0,0,0,0,0,0,0,2018,Seton Hill University
Matthew Hudson,0,1,1,0,0,0,0,0,0,0,0,0,0,0,2018,Seton Hill University
TEAM,0,0,0,0,0,0,0,0,0,0,0,0,0,0,2018,Seton Hill University
J. Tarasovitch,4,7,11,0,0,0,0,0,0,0,0,0,0,0,2018,California University of Pennsylvania
Dante Redwood,3,5,8,0,0,0,0,0,0,0,0,3,0,0,2018,California University of Pennsylvania
Henry Caldwell,6,2,8,0,0,0,0,0,0,0,0,0,0,0,2018,California University of Pennsylvania
Chris Peluso,1,7,8,1.0,2,0,0,0,1,0,0,0,0,0,2018,California University of Pennsylvania
Dante Rodriguez,4,3,7,0,0,0,0,0,0,0,0,0,0,0,2018,California University of Pennsylvania
Corbin Kessler,4,2,6,1.0,2,0,0,0,0,0,0,0,0,0,2018,California University of Pennsylvania
Jehrod Gregory,0,6,6,0,0,0,0,0,0,0,0,0,0,0,2018,California University of Pennsylvania
Joseph Scro,3,2,5,0,0,0,0,0,0,0,1-3,0,0,0,2018,California University of Pennsylvania
Xavier Martin,1,3,4,0,0,0,0,0,0,0,0,0,0,0,2018,California University of Pennsylvania
Rocky Owens,0,3,3,0,0,0,0,0,0,0,0,1,0,0,2018,California University of Pennsylvania
Kaz Struna,0,3,3,0,0,0,0,0,0,0,0,0,0,0,2018,California University of Pennsylvania
U. Omorogbe,1,2,3,1.0,2,0,0,0,0,0,0,0,0,0,2018,California University of Pennsylvania
Alex Weimer,2,0,2,0,0,0,0,0,0,0,0,0,0,0,2018,California University of Pennsylvania
Ayron Thompson,0,2,2,0,0,0,0,0,0,0,0,0,0,0,2018,California University of Pennsylvania
Cortez Watson,1,0,1,0,0,0,0,0,0,0,0,0,0,0,2018,California University of Pennsylvania
Jacob Holl,1,0,1,0,0,0,0,0,0,0,0,0,0,0,2018,California University of Pennsylvania
T. Blackston,0,1,1,0,0,0,0,0,0,0,0,0,0,0,2018,California University of Pennsylvania
B. Burrows,0,1,1,0,0,0,0,0,0,0,0,0,0,0,2018,California University of Pennsylvania
Nate Baillie,0,1,1,0,0,0,0,0,0,0,0,0,0,0,2018,California University of Pennsylvania
Eljon Williams,0,1,1,0,0,0,0,0,0,0,0,0,0,0,2018,California University of Pennsylvania
Will Greller,0,1,1,0,0,0,0,0,0,0,0,0,0,0,2018,California University of Pennsylvania
B. Mostoller,1,0,1,0,0,0,0,0,0,0,0,0,0,0,2018,California University of Pennsylvania
Matthew Hudson,1,0,1,0,0,0,0,0,0,0,0,0,0,0,2018,California University of Pennsylvania
Corbin Kessler,5,6,11,1.0,9,1.0,9,0,0,0,0,0,0,0,2018,Gannon University
Jake Tarasovitch,2,5,7,0,0,0,0,0,0,0,0,0,0,0,2018,Gannon University
Chris Peluso,4,3,7,2.0,19,2.0,19,0,0,0,0,0,0,0,2018,Gannon University
Rocky Owens,2,4,6,0,0,0,0,0,0,0,0,0,0,0,2018,Gannon University
Kaz Struna,2,4,6,0.5,1,0,0,0,0,0,0,0,0,0,2018,Gannon University
Jon LoChiatto,2,3,5,0,0,0,0,0,0,0,0,2,0,0,2018,Gannon University
Dante Redwood,3,2,5,0,0,0,0,0,0,0,0,1,0,0,2018,Gannon University
Joseph Scro,2,2,4,0,0,0,0,0,0,0,0,0,0,0,2018,Gannon University
Uwaila Omorogbe,2,2,4,0,0,0,0,0,0,0,0,0,0,0,2018,Gannon University
Ayron Thompson,2,2,4,0,0,0,0,0,0,0,0,0,0,0,2018,Gannon University
Hunter Merritt,2,1,3,0.5,1,0,0,0,0,0,0,0,0,0,2018,Gannon University
Eljon Williams,1,2,3,0,0,0,0,0,0,0,0,0,0,0,2018,Gannon University
Xavier Martin,1,2,3,0.5,1,0,0,0,0,0,0,0,0,0,2018,Gannon University
Nick Altavilla,2,0,2,0,0,0,0,0,0,0,0,0,0,0,2018,Gannon University
Alex Weimer,0,2,2,0,0,0,0,0,0,0,0,0,0,0,2018,Gannon University
Jehrod Gregory,0,2,2,0.5,0,0,0,0,0,0,0,0,0,0,2018,Gannon University
T. Blackston,1,0,1,0,0,0,0,0,0,0,0,0,0,0,2018,Gannon University
Fredrick Green,1,0,1,0,0,0,0,0,0,0,0,0,0,0,2018,Gannon University
Brendan Cole,1,0,1,0,0,0,0,0,0,0,0,0,0,0,2018,Gannon University
Keith Brickman,0,0,0,0,0,0,0,0,0,0,1-0,0,0,0,2018,Gannon University
Dante Redwood,5,2,7,0,0,0,0,0,0,0,0,1,0,0,2018,Clarion University
Rocky Owens,4,2,6,2.5,7,1.0,5,0,0,0,1-15,0,0,0,2018,Clarion University
J. Tarasovitch,3,2,5,0,0,0,0,0,1,0,0,0,0,0,2018,Clarion University
Chris Peluso,3,2,5,3.0,13,1.0,11,0,0,0,0,0,0,0,2018,Clarion University
Joseph Scro,4,0,4,0,0,0,0,0,0,0,0,0,0,0,2018,Clarion University
Alex Weimer,4,0,4,1.0,1,0,0,0,0,0,0,0,0,0,2018,Clarion University
Ayron Thompson,3,1,4,1.0,4,1.0,4,0,0,0,0,0,0,0,2018,Clarion University
Corbin Kessler,3,0,3,0,0,0,0,0,0,0,0,1,0,0,2018,Clarion University
B. Burrows,1,1,2,0,0,0,0,0,0,0,0,0,0,0,2018,Clarion University
Cortez Watson,1,0,1,0,0,0,0,1,0,0,0,0,0,0,2018,Clarion University
Jon LoChiatto,0,1,1,0,0,0,0,0,0,0,0,1,0,0,2018,Clarion University
Jason Armstrong,1,0,1,0,0,0,0,0,0,0,0,0,0,0,2018,Clarion University
Eljon Williams,1,0,1,1.0,6,1.0,6,0,0,0,0,0,0,0,2018,Clarion University
C. O'Brien,0,1,1,0,0,0,0,0,0,0,0,0,0,0,2018,Clarion University
Matthew Hudson,0,1,1,0.5,1,0,0,0,0,0,0,1,0,0,2018,Clarion University
Xavier Martin,0,1,1,0,0,0,0,0,0,0,0,0,0,0,2018,Clarion University
Brendan Cole,1,0,1,0,0,0,0,0,0,0,0,0,0,0,2018,Clarion University
TEAM,1,0,1,0,0,0,0,0,0,0,0,0,0,0,2018,Clarion University
Henry Caldwell,0,0,0,0,0,0,0,0,0,0,0,1,0,0,2018,Clarion University
Alex Weimer,5,1,6,0,0,0,0,0,0,0,1-16,1,0,0,2018,Millersville University
J. Tarasovitch,3,2,5,0,0,0,0,0,0,0,0,1,0,0,2018,Millersville University
Dante Redwood,4,0,4,0,0,0,0,0,0,0,1-0,0,0,0,2018,Millersville University
Rocky Owens,2,2,4,0.5,3,0.5,3,0,0,0,0,0,0,0,2018,Millersville University
Corbin Kessler,3,1,4,1.0,1,0,0,0,0,0,0,0,0,0,2018,Millersville University
Joseph Scro,2,2,4,0,0,0,0,0,0,0,0,0,0,0,2018,Millersville University
Chris Peluso,2,1,3,2.0,5,1.0,2,0,0,0,0,1,0,0,2018,Millersville University
Austin Drew,3,0,3,2.0,6,1.0,3,0,0,0,0,0,0,0,2018,Millersville University
Xavier Martin,2,1,3,1.0,6,0,0,0,0,0,0,1,0,0,2018,Millersville University
Henry Caldwell,2,0,2,0,0,0,0,0,0,0,0,1,0,0,2018,Millersville University
Jon LoChiatto,1,1,2,0,0,0,0,0,0,0,0,0,0,0,2018,Millersville University
Kaz Struna,1,1,2,0,0,0,0,0,0,0,0,1,0,0,2018,Millersville University
Nick Altavilla,0,2,2,0,0,0,0,0,0,0,0,0,0,0,2018,Millersville University
Marcus Placke,1,0,1,0,0,0,0,0,0,0,0,0,0,0,2018,Millersville University
Hunter Merritt,1,0,1,0,0,0,0,0,0,0,0,0,0,0,2018,Millersville University
T. Zacharyasz,0,1,1,0,0,0,0,0,0,0,0,0,0,0,2018,Millersville University
T. Blackston,1,0,1,0,0,0,0,0,0,0,0,0,0,0,2018,Millersville University
Jehrod Gregory,1,0,1,0,0,0,0,0,0,0,0,0,0,0,2018,Millersville University
B. Burrows,1,0,1,0,0,0,0,0,0,0,0,0,0,0,2018,Millersville University
U. Omorogbe,0,1,1,0.5,4,0.5,4,0,0,0,0,1,0,0,2018,Millersville University
Ayron Thompson,0,1,1,0.5,1,0,0,0,0,0,0,0,0,0,2018,Millersville University
Craig Carter,1,0,1,0,0,0,0,0,0,0,0,0,0,0,2018,Millersville University
Matthew Hudson,0,1,1,0.5,1,0,0,0,0,0,0,0,0,0,2018,Millersville University
Dante Rodriguez,0,0,0,0,0,0,0,0,0,0,0,1,0,0,2018,Millersville University
Joseph Scro,4,7,11,2.0,9,1.0,7,0,0,0,0,1,0,0,2019,Lake Erie College
J. Tarasovitch,2,5,7,0,0,0,0,0,0,0,0,1,0,0,2019,Lake Erie College
Bradley Burrows,2,5,7,0,0,0,0,0,1,0,0,0,0,0,2019,Lake Erie College
Corbin Kessler,2,3,5,1.0,8,1.0,8,0,0,0,0,1,0,0,2019,Lake Erie College
Hunter Merritt,2,3,5,0,0,0,0,0,0,0,0,0,0,0,2019,Lake Erie College
A. Thompson,2,3,5,1.5,2,0.5,1,0,0,0,0,0,0,0,2019,Lake Erie College
Uwaila Omorogbe,1,3,4,0,0,0,0,0,0,0,0,0,0,0,2019,Lake Erie College
A. Zacharyasz,1,2,3,1.0,2,1.0,2,1,0,0,0,0,0,0,2019,Lake Erie College
Jehrod Gregory,3,0,3,2.0,12,0,0,0,0,0,0,0,0,0,2019,Lake Erie College
Keith Brickman,3,0,3,0,0,0,0,0,1,5,0,0,0,0,2019,Lake Erie College
Matthew Hudson,0,3,3,0.5,1,0.5,1,0,0,0,0,0,0,0,2019,Lake Erie College
Jon LoChiatto,1,1,2,0,0,0,0,0,0,0,1-20,0,0,0,2019,Lake Erie College
Quinn Walsh,1,1,2,0,0,0,0,0,0,0,0,0,0,0,2019,Lake Erie College
Eljon Williams,0,2,2,0,0,0,0,0,0,0,0,0,0,0,2019,Lake Erie College
Dante Rodriguez,1,0,1,0,0,0,0,0,0,0,0,0,0,0,2019,Lake Erie College
Austin Hence,0,1,1,0,0,0,0,0,0,0,0,0,0,0,2019,Lake Erie College
Nick Altavilla,0,1,1,0,0,0,0,0,0,0,0,0,0,0,2019,Lake Erie College
Marcus Placke,1,0,1,0,0,0,0,0,0,0,0,0,0,0,2019,Lake Erie College
Clay Waldron,1,0,1,0,0,0,0,0,0,0,0,0,0,0,2019,Lake Erie College
Ryan Funa,0,1,1,0,0,0,0,0,0,0,0,0,0,0,2019,Lake Erie College
Quinn Lawless,1,0,1,0,0,0,0,1,0,0,0,0,0,0,2019,Lake Erie College
Brendan Cole,0,1,1,0,0,0,0,0,0,0,0,0,0,0,2019,Lake Erie College
Myles Dumas,0,0,0,0,0,0,0,0,0,0,0,1,0,0,2019,Lake Erie College
Hunter Merritt,9,2,11,0,0,0,0,0,0,0,0,0,0,0,2019,Shepherd University
J. Tarasovitch,5,5,10,0,0,0,0,0,0,0,1-43,0,0,0,2019,Shepherd University
A. Thompson,5,4,9,2.0,2,1.0,1,0,0,0,0,0,0,0,2019,Shepherd University
Corbin Kessler,3,5,8,0.5,1,0,0,0,0,0,0,0,0,0,2019,Shepherd University
Jon LoChiatto,4,3,7,0,0,0,0,0,0,0,0,0,0,0,2019,Shepherd University
Joseph Scro,5,1,6,0,0,0,0,0,0,0,0,0,0,0,2019,Shepherd University
Keith Brickman,4,1,5,0,0,0,0,0,0,0,0,2,0,0,2019,Shepherd University
A. Zacharyasz,0,4,4,0,0,0,0,0,0,0,0,0,0,0,2019,Shepherd University
Jehrod Gregory,1,3,4,1.0,5,0,0,0,0,0,0,0,0,0,2019,Shepherd University
Uwaila Omorogbe,2,2,4,0,0,0,0,0,0,0,0,0,0,0,2019,Shepherd University
Cortez Watson,1,1,2,0,0,0,0,0,0,0,0,0,0,0,2019,Shepherd University
DaQuan Isom,1,1,2,0,0,0,0,0,0,0,0,0,0,0,2019,Shepherd University
Eljon Williams,0,2,2,0,0,0,0,0,0,0,0,0,0,0,2019,Shepherd University
T. Zacharyasz,1,0,1,0,0,0,0,0,0,0,0,0,0,0,2019,Shepherd University
Marcus Placke,0,1,1,0,0,0,0,0,0,0,0,0,0,0,2019,Shepherd University
Bradley Burrows,0,1,1,0,0,0,0,0,0,0,0,0,0,0,2019,Shepherd University
Cole Shuker,0,1,1,0.5,0,0,0,0,0,0,0,0,0,0,2019,Shepherd University
Quinn Walsh,1,0,1,0,0,0,0,0,0,0,0,0,0,0,2019,Shepherd University
RJ Tillman,0,1,1,0,0,0,0,0,0,0,0,0,0,0,2019,Shepherd University
Brendan Cole,1,0,1,0,0,0,0,0,0,0,0,0,0,0,2019,Shepherd University
Joseph Scro,5,3,8,0,0,0,0,1,0,0,0,0,0,1,2019,Bloomsburg University
Alex Zacharyasz,2,6,8,0.5,0,0,0,0,0,0,0,0,0,0,2019,Bloomsburg University
Jake Tarasovitch,3,5,8,0,0,0,0,1,0,0,0,0,0,0,2019,Bloomsburg University
Corbin Kessler,2,4,6,0.5,1,0,0,0,1,0,0,1,0,0,2019,Bloomsburg University
Jacob Holl,4,2,6,2.0,15,2.0,15,0,0,0,0,0,0,0,2019,Bloomsburg University
Keith Brickman,4,1,5,1.0,3,0,0,0,0,0,0,1,0,0,2019,Bloomsburg University
"Ayron Thompson, Jr.",2,2,4,2.5,22,1.5,16,0,0,0,0,0,0,0,2019,Bloomsburg University
Thomas Zacharyasz,0,3,3,0,0,0,0,0,0,0,0,0,0,0,2019,Bloomsburg University
Hunter Merritt,0,3,3,0,0,0,0,0,0,0,0,0,0,0,2019,Bloomsburg University
Bradley Burrows,1,1,2,1.5,7,1.5,7,0,0,0,0,0,0,1,2019,Bloomsburg University
Jehrod Gregory,0,2,2,0,0,0,0,0,0,0,0,0,0,0,2019,Bloomsburg University
Cole Shuker,1,1,2,0,0,0,0,0,0,0,0,1,0,0,2019,Bloomsburg University
Quinn Walsh,0,2,2,0.5,1,0.5,1,0,0,0,0,0,0,0,2019,Bloomsburg University
Tarrie Reese,1,1,2,0,0,0,0,0,0,0,0,0,0,0,2019,Bloomsburg University
Quinn Lawless,1,1,2,0.5,2,0.5,2,0,0,0,0,0,0,0,2019,Bloomsburg University
Dylan Wall,0,2,2,0,0,0,0,0,0,0,0,0,0,0,2019,Bloomsburg University
RJ Tillman,0,2,2,0,0,0,0,0,0,0,0,0,0,0,2019,Bloomsburg University
Nick Altavilla,0,1,1,0,0,0,0,0,0,0,0,0,0,0,2019,Bloomsburg University
Jon LoChiatto,0,1,1,0,0,0,0,0,0,0,0,0,0,0,2019,Bloomsburg University
Clay Waldron,1,0,1,0,0,0,0,0,0,0,0,0,0,0,2019,Bloomsburg University
Ryan Funa,0,1,1,0,0,0,0,0,0,0,0,0,0,0,2019,Bloomsburg University
Dustin Shoaf,1,0,1,0,0,0,0,0,0,0,0,0,0,0,2019,Bloomsburg University
Travis Sanders,1,0,1,0,0,0,0,0,0,0,0,0,0,0,2019,Bloomsburg University
Uwaila Omorogbe,0,0,0,0,0,0,0,0,1,0,0,0,0,0,2019,Bloomsburg University
Joseph Scro,3,5,8,0,0,0,0,0,1,55,0,0,0,0,2019,Indiana University of Pennsylvania
A. Zacharyasz,3,5,8,0,0,0,0,0,0,0,0,0,0,0,2019,Indiana University of Pennsylvania
J. Tarasovitch,6,2,8,0,0,0,0,0,0,0,0,0,0,0,2019,Indiana University of Pennsylvania
Bradley Burrows,3,4,7,2.0,6,1.0,4,1,0,0,0,0,0,0,2019,Indiana University of Pennsylvania
RJ Tillman,1,5,6,0,0,0,0,0,0,0,0,0,0,0,2019,Indiana University of Pennsylvania
Matthew Hudson,2,3,5,0,0,0,0,0,0,0,0,0,0,0,2019,Indiana University of Pennsylvania
Eljon Williams,1,4,5,0,0,0,0,0,0,0,0,0,0,0,2019,Indiana University of Pennsylvania
Corbin Kessler,1,3,4,0,0,0,0,0,0,0,0,0,0,0,2019,Indiana University of Pennsylvania
Cole Shuker,2,2,4,0,0,0,0,0,0,0,0,0,0,0,2019,Indiana University of Pennsylvania
Jacob Holl,0,4,4,0,0,0,0,0,0,0,0,0,0,0,2019,Indiana University of Pennsylvania
Myles Dumas,3,0,3,1.0,1,0,0,0,0,0,0,1,0,0,2019,Indiana University of Pennsylvania
Dante Rodriguez,1,2,3,0,0,0,0,0,0,0,0,0,0,0,2019,Indiana University of Pennsylvania
T. Zacharyasz,1,1,2,0,0,0,0,0,0,0,0,0,0,0,2019,Indiana University of Pennsylvania
Keith Brickman,1,1,2,0,0,0,0,0,0,0,0,0,0,0,2019,Indiana University of Pennsylvania
Ryan Funa,1,1,2,1.0,1,0,0,1,0,0,0,0,0,0,2019,Indiana University of Pennsylvania
Grayson Taylor,0,1,1,0,0,0,0,0,0,0,0,0,0,0,2019,Indiana University of Pennsylvania
Tarrie Reese,0,1,1,0,0,0,0,0,0,0,0,0,0,0,2019,Indiana University of Pennsylvania
Quinn Lawless,0,1,1,0,0,0,0,0,0,0,0,0,0,0,2019,Indiana University of Pennsylvania
Aubrey Leverich,0,1,1,0,0,0,0,0,0,0,0,0,0,0,2019,Indiana University of Pennsylvania
A. Thompson,1,0,1,0,0,0,0,0,0,0,0,0,0,0,2019,Indiana University of Pennsylvania
A. Zacharyasz,7,6,13,0,0,0,0,0,0,0,0,0,0,0,2019,Slippery Rock University
Corbin Kessler,6,3,9,1.5,3,0,0,0,0,0,0,0,0,0,2019,Slippery Rock University
J. Tarasovitch,6,3,9,0.5,1,0,0,0,0,0,0,0,0,0,2019,Slippery Rock University
Joseph Scro,2,3,5,0,0,0,0,0,0,0,1-18,0,0,0,2019,Slippery Rock University
Keith Brickman,4,1,5,1.0,3,0,0,0,0,0,0,0,0,0,2019,Slippery Rock University
Ryan Funa,0,4,4,0,0,0,0,0,0,0,0,0,0,0,2019,Slippery Rock University
Bradley Burrows,3,0,3,1.0,1,0,0,0,0,0,1-21,0,0,0,2019,Slippery Rock University
Jacob Holl,3,0,3,0,0,0,0,0,0,0,0,0,0,0,2019,Slippery Rock University
Myles Dumas,2,0,2,0,0,0,0,0,0,0,0,1,0,0,2019,Slippery Rock University
Cole Shuker,1,1,2,1.0,1,0,0,0,0,0,0,0,0,0,2019,Slippery Rock University
Quinn Walsh,1,1,2,0,0,0,0,0,0,0,0,0,0,0,2019,Slippery Rock University
Dylan Wall,0,2,2,0,0,0,0,0,0,0,0,0,0,0,2019,Slippery Rock University
A. Thompson,1,1,2,1.0,9,1.0,9,0,0,0,0,0,0,0,2019,Slippery Rock University
Travis Sanders,0,2,2,0,0,0,0,0,0,0,0,0,0,0,2019,Slippery Rock University
Eljon Williams,1,1,2,0,0,0,0,0,0,0,0,0,0,0,2019,Slippery Rock University
Hunter Merritt,1,0,1,0,0,0,0,0,0,0,0,0,0,0,2019,Slippery Rock University
Garrett Owens,1,0,1,0,0,0,0,0,0,0,0,0,0,0,2019,Slippery Rock University
Jason Armstrong,1,0,1,0,0,0,0,0,0,0,0,0,0,0,2019,Slippery Rock University
Aubrey Leverich,0,1,1,0,0,0,0,0,0,0,0,0,0,0,2019,Slippery Rock University
RJ Tillman,0,1,1,0,0,0,0,0,0,0,0,0,0,0,2019,Slippery Rock University
Justin Hill Jr.,1,0,1,0,0,0,0,0,0,0,0,0,0,0,2019,Slippery Rock University
Stephen Klotz,1,0,1,0,0,0,0,0,0,0,0,0,0,0,2019,Slippery Rock University
Matthew Hudson,1,0,1,0,0,0,0,0,0,0,0,0,0,0,2019,Slippery Rock University
Jon LoChiatto,0,0,0,0,0,0,0,0,0,0,0,1,0,0,2019,Slippery Rock University
Ryan Funa,4,5,9,1.0,3,0,0,0,0,0,1-0,0,0,0,2019,Edinboro University of Pennsylvania
A. Zacharyasz,4,4,8,0,0,0,0,0,0,0,0,1,0,0,2019,Edinboro University of Pennsylvania
Jon LoChiatto,4,0,4,1.0,6,0,0,0,0,0,1-19,0,0,0,2019,Edinboro University of Pennsylvania
Corbin Kessler,2,1,3,1.0,2,0,0,0,0,0,0,0,0,0,2019,Edinboro University of Pennsylvania
Joseph Scro,0,3,3,0,0,0,0,0,0,0,1-80,0,0,0,2019,Edinboro University of Pennsylvania
J. Tarasovitch,3,0,3,0,0,0,0,0,0,0,0,0,0,0,2019,Edinboro University of Pennsylvania
A. Thompson,3,0,3,2.0,9,0,0,0,0,0,0,0,0,0,2019,Edinboro University of Pennsylvania
Eljon Williams,0,3,3,0,0,0,0,0,0,0,0,0,0,0,2019,Edinboro University of Pennsylvania
Hunter Merritt,2,0,2,0,0,0,0,0,0,0,0,1,0,0,2019,Edinboro University of Pennsylvania
Bradley Burrows,1,1,2,1.0,2,0,0,0,0,0,0,1,0,0,2019,Edinboro University of Pennsylvania
Cole Shuker,1,1,2,0,0,0,0,0,0,0,0,0,0,0,2019,Edinboro University of Pennsylvania
Tarrie Reese,0,2,2,0,0,0,0,0,0,0,0,0,0,0,2019,Edinboro University of Pennsylvania
Uwaila Omorogbe,1,1,2,0,0,0,0,0,0,0,0,0,0,0,2019,Edinboro University of Pennsylvania
RJ Tillman,0,2,2,0,0,0,0,0,0,0,0,0,0,0,2019,Edinboro University of Pennsylvania
Dante Rodriguez,1,0,1,0,0,0,0,0,0,0,0,0,0,0,2019,Edinboro University of Pennsylvania
Diondre Cooper,0,1,1,0,0,0,0,0,0,0,0,0,0,0,2019,Edinboro University of Pennsylvania
Brendan Cole,1,0,1,0,0,0,0,0,0,0,0,0,0,0,2019,Edinboro University of Pennsylvania
Keith Brickman,0,0,0,0,0,0,0,0,0,0,0,3,0,0,2019,Edinboro University of Pennsylvania
TEAM,0,0,0,0,0,0,0,0,0,0,0,0,0,0,2019,Edinboro University of Pennsylvania
J. Tarasovitch,6,5,11,1.0,1,0,0,0,0,0,0,0,0,0,2019,Seton Hill University (Pa.)
A. Zacharyasz,5,5,10,0,0,0,0,0,0,0,0,0,0,0,2019,Seton Hill University (Pa.)
Corbin Kessler,6,3,9,2.5,19,1.0,13,0,0,0,0,1,0,0,2019,Seton Hill University (Pa.)
Myles Dumas,5,0,5,0,0,0,0,0,0,0,0,0,0,0,2019,Seton Hill University (Pa.)
Hunter Merritt,3,2,5,1.0,2,0,0,0,0,0,0,1,0,0,2019,Seton Hill University (Pa.)
Jacob Holl,1,4,5,0,0,0,0,0,0,0,0,0,0,0,2019,Seton Hill University (Pa.)
Uwaila Omorogbe,1,4,5,0.5,0,0,0,0,0,0,0,0,0,0,2019,Seton Hill University (Pa.)
Joseph Scro,0,4,4,0,0,0,0,0,0,0,0,0,0,0,2019,Seton Hill University (Pa.)
Matthew Hudson,0,4,4,0.5,1,0,0,0,0,0,0,0,0,0,2019,Seton Hill University (Pa.)
Keith Brickman,3,0,3,0,0,0,0,0,0,0,0,0,0,0,2019,Seton Hill University (Pa.)
A. Thompson,2,1,3,1.5,4,0,0,0,0,0,0,0,0,0,2019,Seton Hill University (Pa.)
Jon LoChiatto,2,0,2,0,0,0,0,0,0,0,0,0,0,0,2019,Seton Hill University (Pa.)
Nick Altavilla,1,0,1,0,0,0,0,0,0,0,0,0,0,0,2019,Seton Hill University (Pa.)
Bradley Burrows,0,1,1,0,0,0,0,0,0,0,0,0,0,0,2019,Seton Hill University (Pa.)
Cole Shuker,0,1,1,0,0,0,0,0,0,0,0,0,0,0,2019,Seton Hill University (Pa.)
Quinn Walsh,0,1,1,0,0,0,0,0,0,0,0,0,0,0,2019,Seton Hill University (Pa.)
Quinn Lawless,0,1,1,0,0,0,0,0,1,0,0,0,0,0,2019,Seton Hill University (Pa.)
RJ Tillman,0,1,1,0,0,0,0,0,0,0,0,0,0,0,2019,Seton Hill University (Pa.)
Brendan Cole,0,1,1,0,0,0,0,0,0,0,0,0,0,0,2019,Seton Hill University (Pa.)
Alex Zacharyasz,3,9,12,1.0,3,0,0,0,0,0,0,0,0,0,2019,California University of Pennsylvania
Joseph Scro,5,4,9,0,0,0,0,0,0,0,0,0,0,0,2019,California University of Pennsylvania
Jake Tarasovitch,3,6,9,0,0,0,0,0,0,0,0,0,0,0,2019,California University of Pennsylvania
Corbin Kessler,1,6,7,0,0,0,0,0,0,0,0,0,0,0,2019,California University of Pennsylvania
Uwaila Omorogbe,0,7,7,0,0,0,0,0,0,0,0,0,0,0,2019,California University of Pennsylvania
Matthew Hudson,0,6,6,0,0,0,0,0,0,0,0,0,0,0,2019,California University of Pennsylvania
Jon LoChiatto,1,3,4,0,0,0,0,0,0,0,0,2,0,0,2019,California University of Pennsylvania
Hunter Merritt,0,4,4,0,0,0,0,0,0,0,1-25,0,0,0,2019,California University of Pennsylvania
Bradley Burrows,2,1,3,1.0,4,1.0,4,0,0,0,0,0,0,0,2019,California University of Pennsylvania
Jacob Holl,2,0,2,0,0,0,0,0,0,0,0,0,0,0,2019,California University of Pennsylvania
"Ayron Thompson, Jr.",0,2,2,0,0,0,0,0,0,0,0,0,0,0,2019,California University of Pennsylvania
Eljon Williams,0,2,2,0,0,0,0,0,0,0,0,0,0,0,2019,California University of Pennsylvania
Myles Dumas,1,0,1,0,0,0,0,0,0,0,0,0,0,0,2019,California University of Pennsylvania
Marcus Placke,1,0,1,0,0,0,0,0,0,0,0,0,0,0,2019,California University of Pennsylvania
Clay Waldron,1,0,1,0,0,0,0,0,0,0,0,0,0,0,2019,California University of Pennsylvania
Quinn Walsh,0,1,1,0,0,0,0,0,0,0,0,0,0,0,2019,California University of Pennsylvania
Tarrie Reese,1,0,1,0,0,0,0,0,0,0,0,0,0,0,2019,California University of Pennsylvania
Jack Lambert,1,0,1,0,0,0,0,0,0,0,0,0,0,0,2019,California University of Pennsylvania
RJ Tillman,0,1,1,0,0,0,0,0,0,0,0,0,0,0,2019,California University of Pennsylvania
A. Zacharyasz,5,4,9,0,0,0,0,0,0,0,0,0,0,0,2019,Gannon University
Joseph Scro,2,5,7,0,0,0,0,0,0,0,0,0,0,0,2019,Gannon University
Eljon Williams,1,6,7,1.0,5,0.5,4,0,0,0,0,0,0,0,2019,Gannon University
Uwaila Omorogbe,1,5,6,1.0,1,0,0,0,0,0,0,0,0,0,2019,Gannon University
Corbin Kessler,5,0,5,3.0,9,0,0,0,0,0,0,2,0,0,2019,Gannon University
Bradley Burrows,3,2,5,2.0,9,2.0,9,1,0,0,0,0,0,0,2019,Gannon University
J. Tarasovitch,2,1,3,1.0,1,0,0,1,0,0,0,0,0,0,2019,Gannon University
Hunter Merritt,2,1,3,0,0,0,0,0,0,0,0,1,0,0,2019,Gannon University
Cole Shuker,0,3,3,0,0,0,0,0,0,0,0,0,0,0,2019,Gannon University
A. Thompson,1,2,3,0.5,5,0.5,5,0,0,0,0,0,0,0,2019,Gannon University
Jon LoChiatto,2,0,2,0,0,0,0,0,0,0,0,0,0,0,2019,Gannon University
Cortez Watson,1,0,1,0,0,0,0,0,0,0,0,0,0,0,2019,Gannon University
Marcus Placke,0,1,1,0,0,0,0,0,0,0,0,0,0,0,2019,Gannon University
DaQuan Isom,1,0,1,0,0,0,0,0,0,0,0,0,0,0,2019,Gannon University
Keith Brickman,0,1,1,0,0,0,0,0,0,0,0,0,0,0,2019,Gannon University
Jacob Holl,0,1,1,0.5,5,0.5,5,0,0,0,0,0,0,0,2019,Gannon University
Tarrie Reese,1,0,1,0,0,0,0,0,0,0,0,0,0,0,2019,Gannon University
Aubrey Leverich,0,1,1,0.5,4,0.5,4,0,0,0,0,0,0,0,2019,Gannon University
RJ Tillman,0,1,1,0.5,1,0,0,0,0,0,0,0,0,0,2019,Gannon University
Myles Dumas,0,0,0,0,0,0,0,0,0,0,0,1,0,0,2019,Gannon University
A. Zacharyasz,4,4,8,0.5,2,0,0,0,0,0,0,0,0,1,2019,Clarion University
Keith Brickman,3,4,7,0,0,0,0,0,0,0,0,1,0,0,2019,Clarion University
Jacob Holl,3,3,6,0,0,0,0,0,1,37,0,1,0,0,2019,Clarion University
J. Tarasovitch,3,2,5,0.5,1,0,0,0,0,0,0,1,0,0,2019,Clarion University
Bradley Burrows,1,4,5,2.0,11,1.0,9,0,0,0,0,1,0,0,2019,Clarion University
Corbin Kessler,2,2,4,0,0,0,0,0,0,0,0,3,0,0,2019,Clarion University
Joseph Scro,2,2,4,1.0,2,0,0,0,0,0,0,0,0,1,2019,Clarion University
Jon LoChiatto,1,3,4,1.0,4,0,0,0,0,0,1-34,0,0,0,2019,Clarion University
Ryan Funa,3,1,4,0.5,0,0,0,0,0,0,0,0,0,0,2019,Clarion University
RJ Tillman,0,4,4,0,0,0,0,0,0,0,0,0,0,0,2019,Clarion University
Hunter Merritt,0,3,3,0,0,0,0,0,0,0,2-88,0,0,0,2019,Clarion University
Aubrey Leverich,1,2,3,0.5,2,0.5,2,0,0,0,0,0,0,0,2019,Clarion University
A. Thompson,1,2,3,0,0,0,0,0,0,0,0,0,0,0,2019,Clarion University
Uwaila Omorogbe,1,2,3,0.5,0,0,0,0,0,0,0,0,0,0,2019,Clarion University
Eljon Williams,0,3,3,0,0,0,0,0,0,0,0,0,0,1,2019,Clarion University
DaQuan Isom,2,0,2,0,0,0,0,0,0,0,0,0,0,0,2019,Clarion University
Cole Shuker,1,1,2,0.5,3,0.5,3,0,0,0,0,0,0,0,2019,Clarion University
Tarrie Reese,2,0,2,0,0,0,0,0,0,0,0,0,0,0,2019,Clarion University
Matthew Hudson,0,2,2,0,0,0,0,0,0,0,0,0,0,0,2019,Clarion University
Brendan Cole,2,0,2,0,0,0,0,0,0,0,0,0,0,0,2019,Clarion University
Myles Dumas,1,0,1,0,0,0,0,0,0,0,0,0,0,0,2019,Clarion University
Quinn Walsh,1,0,1,1.0,8,1.0,8,0,0,0,0,0,0,0,2019,Clarion University
Harris Williams,0,1,1,0,0,0,0,0,0,0,0,0,0,0,2019,Clarion University
Quinn Lawless,0,1,1,0,0,0,0,0,0,0,1-5,0,1,0,2019,Clarion University
Joseph Scro,5,5,10,1.0,2,0,0,0,0,0,0,0,0,1,2019,Millersville University
Alex Zacharyasz,3,3,6,0,0,0,0,0,0,0,0,0,0,0,2019,Millersville University
Uwaila Omorogbe,3,3,6,0,0,0,0,1,0,0,0,0,0,0,2019,Millersville University
Corbin Kessler,1,2,3,0,0,0,0,0,1,0,0,0,0,0,2019,Millersville University
Jake Tarasovitch,1,2,3,0,0,0,0,0,0,0,1-5,0,0,0,2019,Millersville University
Bradley Burrows,2,1,3,1.0,7,1.0,7,1,0,0,0,0,0,0,2019,Millersville University
Tarrie Reese,1,2,3,0,0,0,0,0,0,0,0,0,0,0,2019,Millersville University
Cole Shuker,2,0,2,0,0,0,0,0,0,0,0,0,0,0,2019,Millersville University
Quinn Walsh,2,0,2,1.0,9,1.0,9,0,1,0,0,0,0,0,2019,Millersville University
Nick Altavilla,0,1,1,0,0,0,0,0,0,0,0,0,0,0,2019,Millersville University
Jon LoChiatto,1,0,1,0,0,0,0,0,0,0,0,0,0,0,2019,Millersville University
DaQuan Isom,1,0,1,0,0,0,0,0,0,0,0,0,0,0,2019,Millersville University
Keith Brickman,1,0,1,0,0,0,0,0,0,0,0,1,0,0,2019,Millersville University
Aubrey Leverich,0,1,1,0,0,0,0,0,0,0,0,0,0,0,2019,Millersville University
"Ayron Thompson, Jr.",0,1,1,0,0,0,0,0,0,0,0,0,0,0,2019,Millersville University
RJ Tillman,0,1,1,0,0,0,0,0,0,0,0,0,0,0,2019,Millersville University
Matthew Hudson,0,0,0,0,0,0,0,0,0,0,0,0,0,1,2019,Millersville University
"Burrows,Bradley",5,5,10,4.0,23,4.0,23,0,0,0,0,0,0,0,2021,Alderson Broaddus University
"Zacharyasz,Thomas",1,4,5,0,0,0,0,0,0,0,0,0,0,0,2021,Alderson Broaddus University
"Funa,Ryan",2,2,4,0,0,0,0,0,0,0,0,0,0,0,2021,Alderson Broaddus University
"Gregory,Jehrod",1,3,4,0,0,0,0,0,0,0,0,0,0,0,2021,Alderson Broaddus University
"Holl,Jacob",1,3,4,0,0,0,0,0,0,0,0,0,0,0,2021,Alderson Broaddus University
"Allen,John",2,1,3,0,0,0,0,0,0,0,0,0,0,0,2021,Alderson Broaddus University
"Tillman,RJ",1,2,3,0,0,0,0,0,0,0,0,0,0,0,2021,Alderson Broaddus University
"Brickman,Keith",0,2,2,0,0,0,0,0,0,0,0,0,0,0,2021,Alderson Broaddus University
"Smith,Rondale",1,1,2,0,0,0,0,0,0,0,0,0,0,0,2021,Alderson Broaddus University
"Impavido,Joe",0,2,2,0,0,0,0,0,0,0,0,0,0,0,2021,Alderson Broaddus University
"Mallis,Max",1,1,2,1.0,5,1.0,5,0,0,0,0,0,0,0,2021,Alderson Broaddus University
"Rodriguez,Dante",1,0,1,0,0,0,0,0,0,0,0,0,0,0,2021,Alderson Broaddus University
"Barmore,Cameron",1,0,1,0,0,0,0,0,0,0,0,0,0,0,2021,Alderson Broaddus University
"Williams,Harris",1,0,1,0,0,0,0,0,0,0,0,0,0,0,2021,Alderson Broaddus University
"Ferretti,Dillon",1,0,1,0,0,0,0,0,0,0,0,0,0,0,2021,Alderson Broaddus University
"Thompson,Ayron",0,1,1,0,0,0,0,0,0,0,0,0,0,0,2021,Alderson Broaddus University
"Taylor,Christian",0,1,1,0,0,0,0,0,0,0,0,0,0,0,2021,Alderson Broaddus University
"Alsobrooks,Brian",0,0,0,0,0,0,0,0,0,0,0,0,0,0,2021,Alderson Broaddus University
"Banas,Sean",0,0,0,0,0,0,0,0,0,0,0,0,0,0,2021,Alderson Broaddus University
"Holl,Jacob",4,4,8,2.0,5,1.0,4,0,0,0,0,0,0,0,2021,West Chester
"Zacharyasz,Thomas",1,6,7,0,0,0,0,0,0,0,0,0,0,0,2021,West Chester
"Funa,Ryan",2,5,7,0,0,0,0,0,0,0,1-38,0,0,0,2021,West Chester
"Brickman,Keith",2,3,5,0,0,0,0,0,0,0,0,0,0,0,2021,West Chester
"Wall,Dylan",3,2,5,0,0,0,0,0,0,0,0,0,0,0,2021,West Chester
"Helsley,Zack",1,3,4,0,0,0,0,0,0,0,0,0,0,0,2021,West Chester
"Impavido,Joe",1,3,4,0,0,0,0,0,0,0,0,0,0,0,2021,West Chester
"Williams,Harris",1,2,3,0,0,0,0,0,0,0,0,0,0,0,2021,West Chester
"Mallis,Max",0,3,3,0.5,1,0,0,0,0,0,0,0,0,0,2021,West Chester
"Hill,Zach",1,2,3,0,0,0,0,0,0,0,0,0,0,0,2021,West Chester
"Burrows,Bradley",0,2,2,0,0,0,0,0,0,0,0,1,0,0,2021,West Chester
"Laughlin,Erik",1,1,2,0,0,0,0,0,0,0,0,0,0,0,2021,West Chester
"Washington,Dakarai",1,1,2,0,0,0,0,0,0,0,0,0,0,0,2021,West Chester
"Thompson,Ayron",0,2,2,0,0,0,0,0,0,0,0,0,0,0,2021,West Chester
"Taylor,Christian",0,2,2,0,0,0,0,0,0,0,0,0,0,0,2021,West Chester
"White,Camden",2,0,2,0,0,0,0,0,0,0,0,0,0,0,2021,West Chester
"Rodriguez,Dante",0,1,1,0,0,0,0,0,0,0,0,0,0,1,2021,West Chester
"Armstrong,Jason",1,0,1,0,0,0,0,0,0,0,0,0,0,0,2021,West Chester
"Wright,Marquis",0,1,1,0.5,0,0,0,0,0,0,0,0,0,0,2021,West Chester
"Gregory,Jehrod",0,1,1,0,0,0,0,0,0,0,0,0,0,0,2021,West Chester
"Valle-Smith,Jaquaivis",0,1,1,0,0,0,0,0,0,0,0,0,0,0,2021,West Chester
"Rodriguez,Ayron",1,0,1,0,0,0,0,0,0,0,0,0,0,0,2021,West Chester
"Ferretti,Dillon",0,1,1,0,0,0,0,0,0,0,0,0,0,0,2021,West Chester
"Greller,Will",1,0,1,0,0,0,0,0,0,0,0,0,0,0,2021,West Chester
"Alsobrooks,Brian",0,0,0,0,0,0,0,0,0,0,0,0,0,0,2021,West Chester
Jacob Holl,3,6,9,0,0,0,0,0,0,0,0,0,0,0,2021,East Stroudsburg
Dak. Washington,4,4,8,0,0,0,0,0,0,0,0,0,0,0,2021,East Stroudsburg
Tho. Zacharyasz,4,2,6,1.0,1,0,0,0,1,0,0,0,0,0,2021,East Stroudsburg
Joe Impavido,5,1,6,1.0,3,0,0,0,0,0,0,0,0,0,2021,East Stroudsburg
Harris Williams,3,2,5,0,0,0,0,0,0,0,0,0,0,0,2021,East Stroudsburg
Ryan Funa,3,0,3,0,0,0,0,0,0,0,0,2,0,0,2021,East Stroudsburg
Jehrod Gregory,3,0,3,0,0,0,0,0,0,0,0,0,0,0,2021,East Stroudsburg
Keith Brickman,2,1,3,0,0,0,0,0,0,0,0,1,0,0,2021,East Stroudsburg
Dylan Wall,1,2,3,0,0,0,0,0,0,0,0,0,0,0,2021,East Stroudsburg
Dante Rodriguez,1,1,2,0,0,0,0,0,0,0,0,1,0,0,2021,East Stroudsburg
Ja. Valle-Smith,2,0,2,0,0,0,0,0,0,0,0,0,0,0,2021,East Stroudsburg
RJ Tillman,1,1,2,0,0,0,0,0,0,0,0,0,0,0,2021,East Stroudsburg
Marquis Wright,1,0,1,0,0,0,0,0,0,0,0,0,0,0,2021,East Stroudsburg
Dominic McGhee,1,0,1,0,0,0,0,0,0,0,0,0,0,0,2021,East Stroudsburg
Justin Hill Jr.,1,0,1,0,0,0,0,0,0,0,0,0,0,0,2021,East Stroudsburg
Dustin Shoaf,0,1,1,0,0,0,0,0,0,0,0,0,0,0,2021,East Stroudsburg
Rondale Smith,1,0,1,0,0,0,0,0,0,0,0,0,0,0,2021,East Stroudsburg
David Alize,0,1,1,0,0,0,0,0,0,0,0,0,0,0,2021,East Stroudsburg
Dillon Ferretti,1,0,1,0,0,0,0,0,0,0,0,0,0,0,2021,East Stroudsburg
Max Mallis,0,1,1,0,0,0,0,0,0,0,0,0,0,0,2021,East Stroudsburg
Zach Hill,1,0,1,0,0,0,0,0,0,0,0,0,0,0,2021,East Stroudsburg
ChristianTaylor,0,1,1,0,0,0,0,0,0,0,0,0,0,0,2021,East Stroudsburg
Aaron Bowen,1,0,1,0,0,0,0,0,0,0,0,0,0,0,2021,East Stroudsburg
Zack Helsley,0,0,0,0,0,0,0,0,0,0,0,1,0,0,2021,East Stroudsburg
"Zacharyasz,Thomas",7,5,12,0,0,0,0,0,0,0,0,0,0,0,2021,Indiana University of Pennsylvania (Homecoming)
"Holl,Jacob",3,6,9,0,0,0,0,0,0,0,0,0,0,0,2021,Indiana University of Pennsylvania (Homecoming)
"Brickman,Keith",1,4,5,0,0,0,0,0,0,0,0,1,0,0,2021,Indiana University of Pennsylvania (Homecoming)
"Wall,Dylan",3,1,4,1.0,4,0,0,0,0,0,0,0,0,0,2021,Indiana University of Pennsylvania (Homecoming)
"Rodriguez,Dante",1,2,3,0,0,0,0,0,0,0,0,0,0,0,2021,Indiana University of Pennsylvania (Homecoming)
"Burrows,Bradley",1,2,3,0,0,0,0,0,0,0,0,0,0,0,2021,Indiana University of Pennsylvania (Homecoming)
"Funa,Ryan",1,2,3,0,0,0,0,0,0,0,0,0,0,0,2021,Indiana University of Pennsylvania (Homecoming)
"Gregory,Jehrod",2,1,3,0,0,0,0,0,0,0,0,0,0,0,2021,Indiana University of Pennsylvania (Homecoming)
"McGhee,Dominic",1,2,3,0,0,0,0,0,0,0,0,0,0,0,2021,Indiana University of Pennsylvania (Homecoming)
"Banks,Jonathan",2,0,2,0,0,0,0,0,0,0,0,0,0,0,2021,Indiana University of Pennsylvania (Homecoming)
"Hill,Zach",0,2,2,0,0,0,0,0,0,0,0,0,0,0,2021,Indiana University of Pennsylvania (Homecoming)
"Helsley,Zack",1,0,1,0,0,0,0,0,0,0,0,0,0,0,2021,Indiana University of Pennsylvania (Homecoming)
"Hill,Justin",1,0,1,0,0,0,0,0,0,0,0,0,0,0,2021,Indiana University of Pennsylvania (Homecoming)
"Lowery,Michael",1,0,1,0,0,0,0,0,0,0,0,0,0,0,2021,Indiana University of Pennsylvania (Homecoming)
"Valle-Smith,Jaquaivis",0,1,1,0,0,0,0,0,0,0,0,0,0,0,2021,Indiana University of Pennsylvania (Homecoming)
"Alize,David",1,0,1,0,0,0,0,0,0,0,0,0,0,0,2021,Indiana University of Pennsylvania (Homecoming)
"Impavido,Joe",0,1,1,0,0,0,0,0,0,0,0,0,0,0,2021,Indiana University of Pennsylvania (Homecoming)
"Williams,Harris",0,1,1,0,0,0,0,0,0,0,0,0,0,0,2021,Indiana University of Pennsylvania (Homecoming)
"Washington,Dakarai",0,1,1,0,0,0,0,0,0,0,0,0,0,0,2021,Indiana University of Pennsylvania (Homecoming)
"Taylor,Christian",0,1,1,0,0,0,0,0,0,0,0,0,0,0,2021,Indiana University of Pennsylvania (Homecoming)
"Tillman,RJ",0,1,1,0,0,0,0,0,0,0,0,0,0,0,2021,Indiana University of Pennsylvania (Homecoming)
"Black,Brandon",1,0,1,0,0,0,0,0,0,0,0,0,0,0,2021,Indiana University of Pennsylvania (Homecoming)
"Null,Collin",0,1,1,0,0,0,0,0,0,0,0,0,0,0,2021,Indiana University of Pennsylvania (Homecoming)
"Alsobrooks,Brian",0,0,0,0,0,0,0,0,0,0,0,0,0,0,2021,Indiana University of Pennsylvania (Homecoming)
"Rodriguez,Ayron",0,0,0,0,0,0,0,0,0,0,0,0,0,0,2021,Indiana University of Pennsylvania (Homecoming)
Tho. Zacharyasz,8,2,10,0.5,3,0,0,0,0,0,0,0,0,0,2021,California University of Pennsylvania
Jacob Holl,2,8,10,0.5,2,0,0,1,0,0,0,0,0,0,2021,California University of Pennsylvania
Dante Rodriguez,3,3,6,0,0,0,0,0,0,0,0,0,0,0,2021,California University of Pennsylvania
Dominic McGhee,2,2,4,0,0,0,0,0,0,0,0,0,0,0,2021,California University of Pennsylvania
Ryan Funa,3,1,4,0,0,0,0,0,0,0,0,0,0,0,2021,California University of Pennsylvania
Keith Brickman,2,2,4,0,0,0,0,0,0,0,0,1,0,0,2021,California University of Pennsylvania
Ja. Valle-Smith,2,1,3,1.0,2,0,0,0,0,0,0,0,0,0,2021,California University of Pennsylvania
Joe Impavido,1,2,3,0,0,0,0,0,1,1,0,1,0,0,2021,California University of Pennsylvania
Dak. Washington,3,0,3,1.0,4,0,0,0,0,0,0,0,0,0,2021,California University of Pennsylvania
Max Mallis,2,1,3,1.0,4,0,0,0,0,0,0,0,0,0,2021,California University of Pennsylvania
Camden White,1,2,3,0.5,1,0,0,0,0,0,0,0,0,0,2021,California University of Pennsylvania
Zack Helsley,2,0,2,0,0,0,0,0,0,0,0,0,0,0,2021,California University of Pennsylvania
Harris Williams,1,1,2,0,0,0,0,0,0,0,0,0,0,0,2021,California University of Pennsylvania
RJ Tillman,1,1,2,0,0,0,0,0,0,0,0,0,0,0,2021,California University of Pennsylvania
Jehrod Gregory,0,1,1,0,0,0,0,0,0,0,0,0,0,0,2021,California University of Pennsylvania
Jonathan Banks,1,0,1,0,0,0,0,0,0,0,0,0,0,0,2021,California University of Pennsylvania
Erik Laughlin,1,0,1,0,0,0,0,0,0,0,0,0,0,0,2021,California University of Pennsylvania
Dillon Ferretti,1,0,1,0,0,0,0,0,0,0,0,0,0,0,2021,California University of Pennsylvania
Zach Hill,0,1,1,0,0,0,0,0,0,0,0,0,0,0,2021,California University of Pennsylvania
ChristianTaylor,0,1,1,0,0,0,0,0,0,0,0,0,0,0,2021,California University of Pennsylvania
Will Greller,0,1,1,0.5,1,0,0,0,0,0,0,0,0,0,2021,California University of Pennsylvania
John Allen,0,0,0,0,0,0,0,0,0,0,1-0,0,0,0,2021,California University of Pennsylvania
"Zacharyasz,Thomas",2,9,11,0,0,0,0,0,0,0,0,0,0,0,2021,Seton Hill University
"Gregory,Jehrod",2,7,9,0.5,0,0,0,0,0,0,0,0,0,0,2021,Seton Hill University
"Holl,Jacob",1,8,9,0,0,0,0,0,0,0,0,0,0,1,2021,Seton Hill University
"Washington,Dakarai",2,7,9,2.0,4,0,0,0,0,0,0,0,0,0,2021,Seton Hill University
"Thompson,Ayron",1,6,7,1.5,3,0,0,0,0,0,0,0,0,0,2021,Seton Hill University
"Allen,John",3,3,6,0,0,0,0,0,0,0,0,0,0,0,2021,Seton Hill University
"Funa,Ryan",1,4,5,0,0,0,0,0,0,0,0,0,0,0,2021,Seton Hill University
"Valle-Smith,Jaquaivis",2,3,5,0,0,0,0,0,0,0,0,0,0,0,2021,Seton Hill University
"Rodriguez,Dante",3,1,4,0,0,0,0,0,0,0,0,2,0,0,2021,Seton Hill University
"Thomas,Zakri",1,3,4,0.5,1,0,0,0,0,0,0,2,0,0,2021,Seton Hill University
"Tillman,RJ",0,4,4,0,0,0,0,0,0,0,0,0,0,0,2021,Seton Hill University
"Helsley,Zack",1,2,3,0,0,0,0,0,0,0,0,0,0,0,2021,Seton Hill University
"Brickman,Keith",2,0,2,0,0,0,0,0,0,0,0,1,0,0,2021,Seton Hill University
"Williams,Harris",0,2,2,0.5,0,0,0,0,0,0,0,0,0,0,2021,Seton Hill University
"Wall,Dylan",0,2,2,0,0,0,0,0,0,0,0,0,0,0,2021,Seton Hill University
"White,Camden",1,1,2,1.0,6,1.0,6,0,0,0,0,0,0,0,2021,Seton Hill University
"Barmore,Cameron",1,0,1,0,0,0,0,0,0,0,0,0,0,0,2021,Seton Hill University
"Hill,Justin",0,1,1,0,0,0,0,0,0,0,0,0,0,0,2021,Seton Hill University
"Taylor,Christian",0,1,1,0,0,0,0,0,0,0,0,0,0,0,2021,Seton Hill University
"Black,Brandon",1,0,1,0,0,0,0,0,0,0,0,0,0,0,2021,Seton Hill University
"Alsobrooks,Brian",0,0,0,0,0,0,0,0,0,0,0,0,0,0,2021,Seton Hill University
"Tate,Trevon",0,0,0,0,0,0,0,0,0,0,0,0,0,0,2021,Seton Hill University
"Zacharyasz,Thomas",8,4,12,0,0,0,0,0,1,0,0,1,0,0,2021,Edinboro University of Pennsylvania
"Holl,Jacob",5,4,9,0,0,0,0,0,0,0,0,0,0,0,2021,Edinboro University of Pennsylvania
"Burrows,Bradley",3,3,6,2.0,11,1.0,8,0,0,0,0,1,0,0,2021,Edinboro University of Pennsylvania
"Thomas,Zakri",4,2,6,0,0,0,0,0,0,0,0,0,0,0,2021,Edinboro University of Pennsylvania
"Funa,Ryan",2,4,6,0.5,3,0,0,0,0,0,0,1,0,0,2021,Edinboro University of Pennsylvania
"Rodriguez,Dante",3,1,4,0,0,0,0,1,0,0,0,0,0,0,2021,Edinboro University of Pennsylvania
"Helsley,Zack",1,3,4,0,0,0,0,0,0,0,0,0,0,0,2021,Edinboro University of Pennsylvania
"Brickman,Keith",3,1,4,0,0,0,0,0,0,0,0,1,0,0,2021,Edinboro University of Pennsylvania
"Thompson,Ayron",3,1,4,0.5,1,0,0,0,0,0,0,0,0,0,2021,Edinboro University of Pennsylvania
"Allen,John",1,1,2,0,0,0,0,0,0,0,0,2,0,0,2021,Edinboro University of Pennsylvania
"Gregory,Jehrod",1,1,2,0,0,0,0,0,0,0,0,0,0,2,2021,Edinboro University of Pennsylvania
"Hill,Zach",1,1,2,0,0,0,0,0,0,0,0,0,0,0,2021,Edinboro University of Pennsylvania
"Tillman,RJ",2,0,2,1.0,10,1.0,10,0,0,0,0,0,0,0,2021,Edinboro University of Pennsylvania
"Shoaf,Dustin",1,0,1,0,0,0,0,0,0,0,0,0,0,0,2021,Edinboro University of Pennsylvania
"Ziegenfuss,Ethan",1,0,1,0,0,0,0,0,0,0,0,0,0,0,2021,Edinboro University of Pennsylvania
"Alize,David",1,0,1,0,0,0,0,0,0,0,0,0,0,0,2021,Edinboro University of Pennsylvania
"Washington,Dakarai",0,1,1,0.5,0,0,0,0,0,0,0,0,0,0,2021,Edinboro University of Pennsylvania
"Lippert,Alex",1,0,1,0,0,0,0,0,0,0,0,0,0,0,2021,Edinboro University of Pennsylvania
"Wall,Dylan",1,0,1,0,0,0,0,0,0,0,0,0,0,0,2021,Edinboro University of Pennsylvania
"Taylor,Christian",1,0,1,0,0,0,0,0,0,0,0,0,0,0,2021,Edinboro University of Pennsylvania
"White,Camden",0,1,1,0.5,0,0,0,0,0,0,0,0,0,0,2021,Edinboro University of Pennsylvania
"Barmore,Cameron",0,0,0,0,0,0,0,0,0,0,0,0,0,0,2021,Edinboro University of Pennsylvania
"Armstrong,Jason",0,0,0,0,0,0,0,0,0,0,0,0,0,0,2021,Edinboro University of Pennsylvania
"Alsobrooks,Brian",0,0,0,0,0,0,0,0,0,0,0,0,0,0,2021,Edinboro University of Pennsylvania
"Carter,Joe",0,0,0,0,0,0,0,0,0,0,0,0,0,0,2021,Edinboro University of Pennsylvania
"Burris,Makai",0,0,0,0,0,0,0,0,0,0,0,0,0,0,2021,Edinboro University of Pennsylvania
"Holl,Jacob",10,9,19,3.0,15,2.0,13,2,0,0,0,0,0,0,2021,Slippery Rock University
"Zacharyasz,Thomas",5,7,12,0,0,0,0,0,0,0,0,0,0,2,2021,Slippery Rock University
"Burrows,Bradley",6,2,8,2.5,7,0.5,5,0,0,0,0,0,0,1,2021,Slippery Rock University
"Thomas,Zakri",3,2,5,0,0,0,0,0,0,0,0,1,0,0,2021,Slippery Rock University
"Funa,Ryan",2,3,5,2.0,14,0,0,1,1,0,0,2,0,0,2021,Slippery Rock University
"Brickman,Keith",1,3,4,0,0,0,0,0,1,0,0,1,0,0,2021,Slippery Rock University
"Tillman,RJ",1,3,4,0.5,0,0,0,0,0,0,0,0,0,0,2021,Slippery Rock University
"Allen,John",1,2,3,0.5,1,0,0,0,0,0,1-2,1,0,0,2021,Slippery Rock University
"Helsley,Zack",1,2,3,0,0,0,0,0,0,0,0,0,0,0,2021,Slippery Rock University
"Shoaf,Dustin",1,2,3,0,0,0,0,1,0,0,0,0,0,0,2021,Slippery Rock University
"Rodriguez,Dante",1,1,2,0,0,0,0,0,0,0,0,0,0,0,2021,Slippery Rock University
"Cooper,Diondre",1,1,2,0,0,0,0,0,0,0,0,0,0,0,2021,Slippery Rock University
"Gregory,Jehrod",1,1,2,0.5,3,0,0,0,1,30,0,0,0,0,2021,Slippery Rock University
"Ferretti,Dillon",1,1,2,0,0,0,0,0,0,0,0,0,0,0,2021,Slippery Rock University
"Wall,Dylan",0,2,2,0.5,2,0,0,0,0,0,0,0,0,0,2021,Slippery Rock University
"White,Camden",1,1,2,0.5,6,0.5,6,0,0,0,0,0,0,0,2021,Slippery Rock University
"Alize,David",0,1,1,0,0,0,0,0,0,0,0,0,0,0,2021,Slippery Rock University
"Hill,Zach",1,0,1,0,0,0,0,0,0,0,0,0,0,0,2021,Slippery Rock University
"Taylor,Christian",0,1,1,0,0,0,0,0,0,0,0,0,0,0,2021,Slippery Rock University
"Zimmerman,Will",1,0,1,0,0,0,0,0,0,0,0,0,0,0,2021,Slippery Rock University
"Armstrong,Jason",0,0,0,0,0,0,0,0,0,0,0,0,0,0,2021,Slippery Rock University
"Alsobrooks,Brian",0,0,0,0,0,0,0,0,0,0,0,0,0,0,2021,Slippery Rock University
"Holl,Jacob",4,5,9,1.0,1,0,0,0,0,0,0,0,0,0,2021,Clarion University
"Zacharyasz,Thomas",3,4,7,0,0,0,0,0,1,0,0,1,0,1,2021,Clarion University
"Allen,John",4,2,6,0,0,0,0,0,0,0,0,0,0,0,2021,Clarion University
"Helsley,Zack",4,0,4,1.0,1,0,0,0,0,0,1-45,0,0,0,2021,Clarion University
"Funa,Ryan",1,3,4,1.0,2,0,0,0,0,0,1-33,0,0,0,2021,Clarion University
"Thompson,Ayron",1,3,4,1.5,6,1.0,5,0,0,0,1-0,0,0,0,2021,Clarion University
"Tillman,RJ",3,1,4,0,0,0,0,0,0,0,0,0,0,0,2021,Clarion University
"Rodriguez,Dante",2,1,3,1.0,2,0,0,0,0,0,0,1,0,0,2021,Clarion University
"Burrows,Bradley",0,3,3,0.5,0,0,0,0,0,0,1-6,0,0,0,2021,Clarion University
"Thomas,Zakri",2,1,3,1.0,2,0,0,0,0,0,0,1,0,1,2021,Clarion University
"Impavido,Joe",3,0,3,0,0,0,0,0,0,0,0,0,0,0,2021,Clarion University
"White,Camden",2,1,3,1.0,3,1.0,3,0,0,0,0,0,0,0,2021,Clarion University
"Hill,Justin",2,0,2,0,0,0,0,0,0,0,0,0,0,0,2021,Clarion University
"Ziegenfuss,Ethan",1,1,2,0,0,0,0,0,0,0,0,0,0,0,2021,Clarion University
"Smith,Rondale",2,0,2,0,0,0,0,0,0,0,0,0,0,0,2021,Clarion University
"Barmore,Cameron",1,0,1,0,0,0,0,0,0,0,0,0,0,0,2021,Clarion University
"Gregory,Jehrod",0,1,1,0,0,0,0,0,0,0,0,0,0,0,2021,Clarion University
"Brickman,Keith",0,1,1,0,0,0,0,0,0,0,1-0,3,0,0,2021,Clarion University
"Hill,Zach",1,0,1,0,0,0,0,0,0,0,0,0,0,0,2021,Clarion University
"Taylor,Christian",0,1,1,0,0,0,0,0,0,0,0,0,0,0,2021,Clarion University
"Greller,Will",1,0,1,1.0,3,0,0,0,0,0,0,0,0,0,2021,Clarion University
"Black,Brandon",1,0,1,0,0,0,0,1,0,0,0,0,0,0,2021,Clarion University
"Beattie,Griffin",1,0,1,0,0,0,0,1,0,0,0,0,0,0,2021,Clarion University
"Armstrong,Jason",0,0,0,0,0,0,0,0,0,0,0,0,0,0,2021,Clarion University
"Alsobrooks,Brian",0,0,0,0,0,0,0,0,0,0,0,0,0,0,2021,Clarion University
"Davison,Rylan",0,0,0,0,0,0,0,0,0,0,0,0,0,0,2021,Clarion University
"Tate,Trevon",0,0,0,0,0,0,0,0,0,0,0,0,0,0,2021,Clarion University
"Zacharyasz,Thom",4,9,13,0.5,4,0.5,4,0,0,0,0,0,0,0,2021,Gannon University
"Gregory,Jehrod",1,7,8,0.5,5,0.5,5,0,0,0,0,0,0,0,2021,Gannon University
"Holl,Jacob",6,2,8,3.0,19,2.0,18,0,0,0,0,0,0,0,2021,Gannon University
"Funa,Ryan",3,3,6,0,0,0,0,0,0,0,0,0,0,0,2021,Gannon University
"Thomas,Zakri",3,2,5,0,0,0,0,0,0,0,1-0,0,0,0,2021,Gannon University
"Helsley,Zack",2,2,4,1.0,1,0,0,0,0,0,0,0,0,0,2021,Gannon University
"Rodriguez,Dante",4,0,4,1.0,1,0,0,0,0,0,1-1,1,0,0,2021,Gannon University
"Brickman,Keith",3,1,4,0,0,0,0,1,0,0,1-46,4,0,0,2021,Gannon University
"Burrows,Bradley",0,3,3,0,0,0,0,0,0,0,0,0,0,0,2021,Gannon University
"Tillman,RJ",2,1,3,0,0,0,0,0,0,0,0,0,0,0,2021,Gannon University
"Allen,John",2,0,2,0,0,0,0,0,0,0,0,1,0,0,2021,Gannon University
"Cooper,Diondre",2,0,2,0,0,0,0,0,0,0,0,0,0,0,2021,Gannon University
"Armstrong,Jason",1,0,1,0,0,0,0,0,0,0,0,0,0,0,2021,Gannon University
"Ziegenfuss,Etha",1,0,1,0,0,0,0,0,0,0,0,0,0,0,2021,Gannon University
"Mallis,Max",0,1,1,0,0,0,0,0,0,0,0,1,0,0,2021,Gannon University
"Hill,Zach",1,0,1,0,0,0,0,0,0,0,0,0,0,0,2021,Gannon University
"White,Camden",0,1,1,0,0,0,0,0,0,0,0,0,0,0,2021,Gannon University
Tho. Zacharyasz,8,4,12,0,0,0,0,0,0,0,0,0,0,0,2021,Shippensburg University
Jacob Holl,4,5,9,0,0,0,0,0,0,0,0,0,0,0,2021,Shippensburg University
Keith Brickman,4,1,5,0,0,0,0,0,0,0,0,0,0,0,2021,Shippensburg University
Bradley Burrows,2,2,4,0,0,0,0,0,0,0,0,0,0,0,2021,Shippensburg University
Zakri Thomas,4,0,4,0,0,0,0,0,0,0,0,0,0,0,2021,Shippensburg University
John Allen,3,1,4,0,0,0,0,0,0,0,0,0,0,0,2021,Shippensburg University
Zack Helsley,4,0,4,0,0,0,0,0,1,0,0,0,0,0,2021,Shippensburg University
Jehrod Gregory,3,1,4,1.0,3,1.0,3,0,0,0,0,0,0,0,2021,Shippensburg University
Joe Impavido,4,0,4,0,0,0,0,0,0,0,0,0,0,0,2021,Shippensburg University
RJ Tillman,2,2,4,0,0,0,0,0,0,0,0,0,0,0,2021,Shippensburg University
Ryan Funa,2,1,3,0,0,0,0,0,0,0,0,0,0,0,2021,Shippensburg University
Ja. Valle-Smith,3,0,3,0,0,0,0,1,0,0,0,0,0,0,2021,Shippensburg University
Dylan Wall,1,1,2,0,0,0,0,0,0,0,0,0,0,0,2021,Shippensburg University
ChristianTaylor,2,0,2,1.0,9,0,0,0,1,0,0,0,0,0,2021,Shippensburg University
Rondale Smith,1,0,1,0,0,0,0,0,0,0,0,0,0,0,2021,Shippensburg University
Zach Hill,1,0,1,0,0,0,0,0,0,0,0,0,0,0,2021,Shippensburg University
A. Thompson Jr.,1,0,1,0,0,0,0,0,0,0,0,0,0,0,2021,Shippensburg University
Camden White,1,0,1,0,0,0,0,0,0,0,0,0,0,0,2021,Shippensburg University
Team,12,0,12,2.0,6,1.0,5,0,0,0,0,0,0,0,2022,Alderson Broaddus University
Jacob Holl,8,0,8,1.0,2,0,0,0,0,0,1-20,1,0,0,2022,Alderson Broaddus University
Thomas Zacharyasz,6,0,6,0,0,0,0,0,0,0,0,0,0,0,2022,Alderson Broaddus University
Zack Helsley,4,0,4,0,0,0,0,0,0,0,0,0,0,0,2022,Alderson Broaddus University
Jehrod Gregory,3,0,3,1.0,2,0,0,0,0,0,0,0,0,0,2022,Alderson Broaddus University
Tarrie Reese,3,0,3,0,0,0,0,0,0,0,1-12,0,0,0,2022,Alderson Broaddus University
Dominic McGhee,2,0,2,0,0,0,0,0,0,0,0,1,0,0,2022,Alderson Broaddus University
Tyler Buterbaugh,2,0,2,0,0,0,0,0,0,0,0,0,0,0,2022,Alderson Broaddus University
Dylan Wall,2,0,2,0,0,0,0,0,0,0,0,0,0,0,2022,Alderson Broaddus University
Camden White,2,0,2,2.0,13,2.0,13,2,1,0,0,0,0,0,2022,Alderson Broaddus University
Dustin Shoaf,1,0,1,0,0,0,0,0,0,0,0,0,0,0,2022,Alderson Broaddus University
Michael Lowery,1,0,1,0,0,0,0,0,0,0,0,0,0,0,2022,Alderson Broaddus University
Diondre Cooper,1,0,1,0,0,0,0,0,0,0,0,0,0,0,2022,Alderson Broaddus University
Keith Brickman,1,0,1,0,0,0,0,0,0,0,0,0,0,0,2022,Alderson Broaddus University
Caden Herman,1,0,1,0,0,0,0,0,0,0,0,0,0,0,2022,Alderson Broaddus University
Jaylen Butera,1,0,1,0,0,0,0,1,1,0,0,0,0,0,2022,Alderson Broaddus University
Mike Pappas,1,0,1,0,0,0,0,0,0,0,0,0,0,0,2022,Alderson Broaddus University
Max Millis,1,0,1,0,0,0,0,0,1,0,0,0,0,0,2022,Alderson Broaddus University
Tyler Benedict,1,0,1,0,0,0,0,0,0,0,0,0,0,0,2022,Alderson Broaddus University
Marquis Mauney,0,0,0,0,0,0,0,0,0,0,2-26,0,0,0,2022,Alderson Broaddus University
"Ferretti,Dillon",8,4,12,2.0,15,1.0,14,0,0,0,1-32,0,0,0,2022,Lock Haven University
"Holl,Jacob",10,1,11,2.0,3,0,0,0,0,0,1-17,0,0,0,2022,Lock Haven University
"Chmielewski,Matthias",6,0,6,0,0,0,0,0,0,0,0,0,0,0,2022,Lock Haven University
"Gregory,Jehrod",4,1,5,0,0,0,0,0,0,0,0,0,0,0,2022,Lock Haven University
"Hill,Zach",5,0,5,0,0,0,0,0,0,0,0,0,0,0,2022,Lock Haven University
"Allen,John",3,0,3,0,0,0,0,0,0,0,0,0,1,0,2022,Lock Haven University
"Taylor,Christian",3,0,3,1.0,1,0,0,0,0,0,0,0,0,0,2022,Lock Haven University
"McGhee,Dominic",2,0,2,0,0,0,0,0,0,0,0,0,0,0,2022,Lock Haven University
"Brickman,Keith",2,0,2,0,0,0,0,0,0,0,1-0,0,0,0,2022,Lock Haven University
"Wall,Dylan",1,1,2,1.0,2,0,0,0,0,0,0,0,0,0,2022,Lock Haven University
"Buterbaugh,Tyler",2,0,2,1.0,1,0,0,0,0,0,0,0,0,0,2022,Lock Haven University
"Mauney,Marquis",1,1,2,0,0,0,0,0,0,0,0,0,0,0,2022,Lock Haven University
"Benedict,Tyler",1,0,1,0,0,0,0,0,0,0,0,0,0,0,2022,Lock Haven University
"Tillman,RJ",0,1,1,0,0,0,0,0,0,0,0,0,0,0,2022,Lock Haven University
"Helsley,Zack",1,0,1,0,0,0,0,0,0,0,0,0,0,0,2022,Lock Haven University
"Wright,Marquis",1,0,1,0,0,0,0,0,0,0,0,0,0,0,2022,Lock Haven University
"Black,Braydon",1,0,1,0,0,0,0,0,0,0,0,0,0,0,2022,Lock Haven University
"Herman,Caden",1,0,1,0,0,0,0,0,0,0,0,0,0,0,2022,Lock Haven University
"Thomas,Aiden",1,0,1,0,0,0,0,0,0,0,0,0,0,0,2022,Lock Haven University
"Susman,Taylor",1,0,1,0,0,0,0,0,0,0,0,0,0,0,2022,Lock Haven University
"Greller,Will",1,0,1,0,0,0,0,0,0,0,0,0,0,0,2022,Lock Haven University
"Brafi,Benedict",0,1,1,0,0,0,0,0,0,0,0,0,0,1,2022,Lock Haven University
"Shoaf,Dustin",0,0,0,0,0,0,0,0,0,0,0,0,0,0,2022,Lock Haven University
"Alsobrooks,Brian",0,0,0,0,0,0,0,0,0,0,0,0,0,0,2022,Lock Haven University
"Cooper,Diondre",0,0,0,0,0,0,0,0,0,0,0,0,0,0,2022,Lock Haven University
"Rodriguez,Ayron",0,0,0,0,0,0,0,0,0,0,0,0,0,0,2022,Lock Haven University
"Butera,Jaylen",0,0,0,0,0,0,0,0,0,0,0,0,0,0,2022,Lock Haven University
"Tate,Trevon",0,0,0,0,0,0,0,0,0,0,0,0,0,0,2022,Lock Haven University
"White,Camden",0,0,0,0,0,0,0,0,0,0,0,0,0,1,2022,Lock Haven University
"Zacharyasz,Thomas",5,4,9,0.5,6,0,0,0,0,0,1-0,0,0,0,2022,Kutztown University
"Holl,Jacob",5,4,9,0.5,5,0,0,0,0,0,0,0,0,0,2022,Kutztown University
"Wall,Dylan",3,3,6,0,0,0,0,0,0,0,0,0,0,0,2022,Kutztown University
"Allen,John",2,2,4,0,0,0,0,0,0,0,0,0,0,0,2022,Kutztown University
"Hill,Zach",2,1,3,0,0,0,0,0,0,0,0,0,0,0,2022,Kutztown University
"Novitski,Nevan",2,1,3,0,0,0,0,0,0,0,0,0,0,0,2022,Kutztown University
"Brickman,Keith",1,2,3,0,0,0,0,0,0,0,0,0,0,0,2022,Kutztown University
"Brafi,Benedict",2,1,3,0,0,0,0,0,0,0,0,0,0,0,2022,Kutztown University
"Herman,Caden",1,1,2,0,0,0,0,0,0,0,0,0,0,0,2022,Kutztown University
"Mallis,Max",2,0,2,1.0,2,0,0,1,1,5,0,0,0,0,2022,Kutztown University
"Benedict,Tyler",2,0,2,0,0,0,0,0,0,0,0,0,0,0,2022,Kutztown University
"White,Camden",2,0,2,0,0,0,0,0,0,0,0,0,0,0,2022,Kutztown University
"Helsley,Zack",1,0,1,0,0,0,0,0,0,0,0,0,0,0,2022,Kutztown University
"Wright,Marquis",1,0,1,0,0,0,0,0,0,0,0,0,0,0,2022,Kutztown University
"Gregory,Jehrod",1,0,1,0,0,0,0,0,0,0,0,0,0,0,2022,Kutztown University
"Chmielewski,Matthias",0,1,1,0,0,0,0,0,0,0,0,0,0,0,2022,Kutztown University
"Clark,Kobe",0,1,1,0,0,0,0,0,0,0,0,0,0,0,2022,Kutztown University
"Taylor,Christian",1,0,1,0,0,0,0,0,0,0,0,0,0,0,2022,Kutztown University
"Thompson,Damon",0,1,1,0,0,0,0,0,0,0,0,0,0,0,2022,Kutztown University
"Welch,Ryan",1,0,1,0,0,0,0,0,0,0,0,0,0,0,2022,Kutztown University
"Bronco,Joseph",1,0,1,0,0,0,0,0,0,0,0,0,0,0,2022,Kutztown University
"Hill,Justin",0,0,0,0,0,0,0,0,0,0,0,0,0,0,2022,Kutztown University
"Shoaf,Dustin",0,0,0,0,0,0,0,0,0,0,0,0,0,0,2022,Kutztown University
"Lowery,Michael",0,0,0,0,0,0,0,0,0,0,0,0,0,0,2022,Kutztown University
"Alsobrooks,Brian",0,0,0,0,0,0,0,0,0,0,0,0,0,0,2022,Kutztown University
"Kerbacher,Joe",0,0,0,0,0,0,0,0,0,0,0,0,0,0,2022,Kutztown University
"Zacharyasz,Thomas",8,6,14,0,0,0,0,0,0,0,0,0,0,0,2022,Indiana University of Pennsylvania
"Holl,Jacob",7,6,13,0,0,0,0,0,0,0,0,0,0,0,2022,Indiana University of Pennsylvania
"Hill,Zach",6,5,11,0.5,2,0,0,0,0,0,0,0,0,0,2022,Indiana University of Pennsylvania
"Helsley,Zack",4,4,8,0,0,0,0,0,0,0,1-2,0,0,0,2022,Indiana University of Pennsylvania
"McGhee,Dominic",3,3,6,0,0,0,0,0,0,0,0,0,0,0,2022,Indiana University of Pennsylvania
"Brickman,Keith",2,3,5,0,0,0,0,0,0,0,0,0,0,0,2022,Indiana University of Pennsylvania
"Wright,Marquis",2,2,4,0,0,0,0,0,0,0,1-14,0,0,0,2022,Indiana University of Pennsylvania
"Thompson,Damon",2,1,3,0,0,0,0,0,0,0,0,0,0,0,2022,Indiana University of Pennsylvania
"Mauney,Marquis",0,2,2,0.5,1,0,0,0,0,0,0,0,0,0,2022,Indiana University of Pennsylvania
"Mallis,Max",2,0,2,0,0,0,0,0,0,0,0,0,0,0,2022,Indiana University of Pennsylvania
"Taylor,Christian",1,1,2,0,0,0,0,0,0,0,0,0,0,0,2022,Indiana University of Pennsylvania
"Wall,Dylan",2,0,2,0,0,0,0,0,0,0,0,0,0,0,2022,Indiana University of Pennsylvania
"White,Camden",0,2,2,0,0,0,0,0,0,0,0,0,0,0,2022,Indiana University of Pennsylvania
"Ferretti,Dillon",1,0,1,0,0,0,0,0,0,0,0,0,0,0,2022,Indiana University of Pennsylvania
"Novitski,Nevan",0,1,1,0,0,0,0,0,0,0,0,0,0,0,2022,Indiana University of Pennsylvania
"Herman,Caden",1,0,1,0,0,0,0,0,0,0,0,0,0,0,2022,Indiana University of Pennsylvania
"Benedict,Tyler",1,0,1,0,0,0,0,0,0,0,0,0,0,0,2022,Indiana University of Pennsylvania
"Mizgorski,Darin",1,0,1,0,0,0,0,0,0,0,0,0,0,0,2022,Indiana University of Pennsylvania
"Armstrong,Jason",0,0,0,0,0,0,0,0,0,0,0,0,0,0,2022,Indiana University of Pennsylvania
"Alsobrooks,Brian",0,0,0,0,0,0,0,0,0,0,0,0,0,0,2022,Indiana University of Pennsylvania
"Holl,Jacob",6,7,13,1.0,7,1.0,7,0,0,0,0,2,0,0,2022,Edinboro University of Pennsylvania
"Zacharyasz,Thomas",5,6,11,0.5,1,0,0,0,0,0,0,0,0,0,2022,Edinboro University of Pennsylvania
"Thompson,Ayron",2,4,6,2.0,5,0,0,0,0,0,0,0,0,0,2022,Edinboro University of Pennsylvania
"Brickman,Keith",2,4,6,0,0,0,0,0,0,0,0,0,0,0,2022,Edinboro University of Pennsylvania
"Hill,Zach",2,2,4,0,0,0,0,0,0,0,0,0,0,0,2022,Edinboro University of Pennsylvania
"Novitski,Nevan",1,3,4,0.5,1,0,0,0,0,0,0,0,0,0,2022,Edinboro University of Pennsylvania
"Wright,Marquis",1,2,3,0,0,0,0,0,0,0,0,2,0,0,2022,Edinboro University of Pennsylvania
"Mallis,Max",1,2,3,0,0,0,0,0,0,0,0,0,0,0,2022,Edinboro University of Pennsylvania
"Ferretti,Dillon",1,1,2,0,0,0,0,0,0,0,0,0,0,0,2022,Edinboro University of Pennsylvania
"Hill,Justin",0,2,2,0,0,0,0,0,0,0,0,0,0,0,2022,Edinboro University of Pennsylvania
"Gregory,Jehrod",0,2,2,0,0,0,0,0,0,0,0,0,0,0,2022,Edinboro University of Pennsylvania
"Valle-Smith,Jaquaivis",2,0,2,1.0,2,1.0,2,0,0,0,0,0,0,0,2022,Edinboro University of Pennsylvania
"Mauney,Marquis",0,2,2,0,0,0,0,0,0,0,0,0,0,0,2022,Edinboro University of Pennsylvania
"Allen,Adam",2,0,2,0,0,0,0,0,0,0,0,0,0,0,2022,Edinboro University of Pennsylvania
"Benedict,Tyler",1,1,2,0,0,0,0,0,0,0,0,0,0,0,2022,Edinboro University of Pennsylvania
"Bronco,Joseph",0,2,2,0,0,0,0,0,0,0,0,0,0,0,2022,Edinboro University of Pennsylvania
"White,Camden",2,0,2,2.0,9,2.0,9,0,0,0,0,0,1,0,2022,Edinboro University of Pennsylvania
"Allen,John",1,0,1,0,0,0,0,0,0,0,0,2,0,0,2022,Edinboro University of Pennsylvania
"Armstrong,Jason",1,0,1,0,0,0,0,0,0,0,0,0,0,0,2022,Edinboro University of Pennsylvania
"Shoaf,Dustin",1,0,1,0,0,0,0,0,0,0,0,0,0,0,2022,Edinboro University of Pennsylvania
"Cooper,Diondre",0,1,1,0,0,0,0,0,0,0,0,0,0,0,2022,Edinboro University of Pennsylvania
"Taylor,Christian",1,0,1,0,0,0,0,0,0,0,0,0,0,0,2022,Edinboro University of Pennsylvania
"Tillman,RJ",0,1,1,0,0,0,0,0,0,0,0,0,0,0,2022,Edinboro University of Pennsylvania
"Alsobrooks,Brian",0,0,0,0,0,0,0,0,0,0,0,0,0,0,2022,Edinboro University of Pennsylvania
Zach Hill,8,3,11,0.5,3,0.5,3,1,0,0,0,0,0,0,2022,Slippery Rock University
Jacob Holl,7,4,11,0,0,0,0,0,0,0,0,0,0,0,2022,Slippery Rock University
Marquis Mauney,3,6,9,0,0,0,0,0,0,0,1-15,0,0,0,2022,Slippery Rock University
Thomas Zacharyasz,1,7,8,0,0,0,0,0,0,0,0,0,0,0,2022,Slippery Rock University
Keith Brickman,5,1,6,0,0,0,0,0,0,0,0,0,0,0,2022,Slippery Rock University
Nevan Novitski,1,5,6,0,0,0,0,0,1,0,0,0,0,0,2022,Slippery Rock University
RJ Tillman,3,2,5,0,0,0,0,0,0,0,0,0,0,0,2022,Slippery Rock University
Dominic McGhee,2,2,4,0,0,0,0,0,0,0,0,0,0,0,2022,Slippery Rock University
Jehrod Gregory,2,1,3,1.5,4,0.5,3,0,0,0,0,0,0,0,2022,Slippery Rock University
Camden White,1,2,3,0,0,0,0,0,0,0,0,0,0,0,2022,Slippery Rock University
John Allen,2,0,2,0,0,0,0,0,0,0,0,0,0,0,2022,Slippery Rock University
Anthony Mackey,1,1,2,0,0,0,0,0,0,0,0,0,0,0,2022,Slippery Rock University
Dylan Wall,0,2,2,0,0,0,0,0,0,0,0,0,0,1,2022,Slippery Rock University
Marquis Wright,1,0,1,0,0,0,0,0,0,0,0,0,0,0,2022,Slippery Rock University
Dillon Ferretti,0,1,1,0,0,0,0,0,0,0,0,0,0,0,2022,Slippery Rock University
Jaquaivi Valle-Smith,0,1,1,0,0,0,0,0,0,0,0,0,0,0,2022,Slippery Rock University
Jaylen Butera,1,0,1,0,0,0,0,0,0,0,0,0,0,0,2022,Slippery Rock University
Max Mallis,0,1,1,0,0,0,0,0,0,0,0,0,0,1,2022,Slippery Rock University
Christian Taylor,1,0,1,0,0,0,0,0,0,0,0,0,0,0,2022,Slippery Rock University
Shane Robinson,1,0,1,0,0,0,0,0,0,0,0,0,0,0,2022,Slippery Rock University
Tyler Benedict,1,0,1,0,0,0,0,0,0,0,0,0,0,0,2022,Slippery Rock University
Collin Null,1,0,1,0,0,0,0,0,0,0,0,0,0,0,2022,Slippery Rock University
Benedict Brafi,0,1,1,0,0,0,0,0,0,0,0,0,0,0,2022,Slippery Rock University
"Zacharyasz,Thomas",9,8,17,1.0,3,0,0,0,0,0,0,1,0,0,2022,Clarion University
"Holl,Jacob",7,5,12,1.0,7,1.0,7,0,0,0,0,0,0,0,2022,Clarion University
"Hill,Zach",1,4,5,1.0,4,0,0,0,0,0,0,0,0,0,2022,Clarion University
"McGhee,Dominic",2,2,4,0,0,0,0,0,0,0,0,0,0,0,2022,Clarion University
"Gregory,Jehrod",2,1,3,0,0,0,0,0,0,0,0,0,0,0,2022,Clarion University
"Brickman,Keith",3,0,3,0,0,0,0,0,0,0,0,0,0,0,2022,Clarion University
"Mackey,Anthony",2,1,3,0,0,0,0,0,0,0,0,1,0,0,2022,Clarion University
"Thompson,Ayron",2,1,3,1.0,1,0,0,0,0,0,0,0,0,0,2022,Clarion University
"Mauney,Marquis",1,1,2,0,0,0,0,0,0,0,0,0,0,0,2022,Clarion University
"Taylor,Christian",0,2,2,0,0,0,0,0,0,0,0,0,0,0,2022,Clarion University
"Ferretti,Dillon",0,1,1,0,0,0,0,0,0,0,0,0,0,0,2022,Clarion University
"Shoaf,Dustin",1,0,1,0,0,0,0,0,0,0,0,0,0,0,2022,Clarion University
"Cooper,Diondre",0,1,1,0,0,0,0,0,0,0,0,0,0,0,2022,Clarion University
"Buterbaugh,Tyler",0,1,1,0,0,0,0,0,0,0,0,0,0,0,2022,Clarion University
"Mallis,Max",1,0,1,0,0,0,0,0,0,0,0,0,0,0,2022,Clarion University
"Zeltman,Michael",1,0,1,0,0,0,0,0,0,0,0,0,0,0,2022,Clarion University
"Wall,Dylan",1,0,1,0,0,0,0,0,0,0,0,0,0,0,2022,Clarion University
"Tillman,RJ",1,0,1,0,0,0,0,0,0,0,0,0,0,0,2022,Clarion University
"Alize,David",0,0,0,0,0,0,0,0,0,0,0,0,0,0,2022,Clarion University
"Barmore,Cameron",0,0,0,0,0,0,0,0,0,0,0,0,0,0,2022,Clarion University
"Alsobrooks,Brian",0,0,0,0,0,0,0,0,0,0,0,0,0,0,2022,Clarion University
"Zacharyasz, Tho",5,6,11,1.0,4,0,0,0,0,0,0,0,0,0,2022,Gannon University
"Holl, Jacob",7,3,10,1.5,3,0,0,0,0,0,0,0,0,0,2022,Gannon University
"Brickman, Keith",4,2,6,1.5,4,0,0,0,0,0,0,0,0,0,2022,Gannon University
"McGhee, Dominic",4,1,5,0,0,0,0,0,0,0,0,0,0,0,2022,Gannon University
"Hill, Zach",4,1,5,0,0,0,0,0,0,0,0,0,0,0,2022,Gannon University
"Allen, John",3,1,4,0,0,0,0,0,0,0,0,0,0,0,2022,Gannon University
"Gregory, Jehrod",1,3,4,0,0,0,0,0,0,0,0,0,0,0,2022,Gannon University
"Novitski, Nevan",1,3,4,0,0,0,0,0,0,0,0,0,0,0,2022,Gannon University
"Mauney, Marquis",2,1,3,0,0,0,0,0,0,0,0,0,0,0,2022,Gannon University
"Wall, Dylan",0,3,3,0.5,1,0,0,0,0,0,0,0,0,0,2022,Gannon University
"Thompson, Damon",0,3,3,1.0,1,0,0,0,0,0,0,0,0,0,2022,Gannon University
"Ferretti, Dillo",2,0,2,0,0,0,0,0,0,0,0,0,0,0,2022,Gannon University
"Robinson, Shane",2,0,2,0,0,0,0,0,0,0,0,0,0,0,2022,Gannon University
"White, Camden",1,1,2,0.5,1,0,0,0,0,0,0,0,0,0,2022,Gannon University
"Allen, Adam",0,1,1,0,0,0,0,0,0,0,0,0,0,0,2022,Gannon University
"Valle-Smith, Ja",1,0,1,0,0,0,0,0,0,0,0,0,0,1,2022,Gannon University
"Mackey, Anthony",1,0,1,0,0,0,0,0,0,0,0,0,0,0,2022,Gannon University
43,0,1,1,0,0,0,0,0,0,0,0,0,0,0,2022,Gannon University
"Osborn, Mason",1,0,1,0,0,0,0,0,0,0,0,0,0,0,2022,Gannon University
"Benedict, Tyler",0,1,1,0,0,0,0,0,0,0,0,0,0,0,2022,Gannon University
"Tillman, RJ",0,1,1,0,0,0,0,0,0,0,0,0,0,0,2022,Gannon University
"Alize, David",1,0,1,0,0,0,0,0,0,0,0,0,0,0,2022,Gannon University
"Zacharyasz,Thomas",10,4,14,1.0,12,1.0,12,0,0,0,0,1,0,0,2022,California University of Pennsylvania
"Holl,Jacob",4,8,12,1.0,5,0.5,3,0,0,0,0,0,0,0,2022,California University of Pennsylvania
"Gregory,Jehrod",5,2,7,1.0,6,0.5,3,0,0,0,0,0,0,0,2022,California University of Pennsylvania
"Allen,John",3,3,6,0,0,0,0,0,0,0,0,1,0,0,2022,California University of Pennsylvania
"Hill,Zach",4,2,6,1.0,1,0,0,0,0,0,0,0,0,0,2022,California University of Pennsylvania
"McGhee,Dominic",4,1,5,0,0,0,0,0,0,0,0,0,0,0,2022,California University of Pennsylvania
"Tillman,RJ",2,3,5,0,0,0,0,0,0,0,0,0,0,0,2022,California University of Pennsylvania
"Helsley,Zack",1,3,4,0,0,0,0,0,0,0,0,0,0,0,2022,California University of Pennsylvania
"Washington,Dakarai",3,1,4,0,0,0,0,0,0,0,0,0,0,0,2022,California University of Pennsylvania
"Wall,Dylan",3,1,4,0,0,0,0,0,0,0,0,0,0,0,2022,California University of Pennsylvania
"Taylor,Christian",1,2,3,0,0,0,0,0,0,0,0,0,0,0,2022,California University of Pennsylvania
"Mauney,Marquis",2,0,2,0,0,0,0,0,0,0,0,0,0,0,2022,California University of Pennsylvania
"White,Camden",0,2,2,0,0,0,0,0,0,0,0,0,0,0,2022,California University of Pennsylvania
"Ferretti,Dillon",1,0,1,0,0,0,0,0,0,0,0,0,0,0,2022,California University of Pennsylvania
"Cooper,Diondre",1,0,1,0,0,0,0,0,0,0,0,0,0,0,2022,California University of Pennsylvania
"Buterbaugh,Tyler",1,0,1,0,0,0,0,0,0,0,0,0,0,0,2022,California University of Pennsylvania
"Mackey,Anthony",1,0,1,0,0,0,0,0,0,0,0,0,0,0,2022,California University of Pennsylvania
"Barmore,Cameron",0,0,0,0,0,0,0,0,0,0,0,0,0,0,2022,California University of Pennsylvania
"Alsobrooks,Brian",0,0,0,0,0,0,0,0,0,0,0,0,0,0,2022,California University of Pennsylvania
"Tate,Trevon",0,0,0,0,0,0,0,0,0,0,0,0,0,0,2022,California University of Pennsylvania
"Holl, Jacob",12,2,14,4.0,12,0,0,1,1,37,0,0,0,0,2022,Seton Hill University
"Zacharyasz, Tho",8,4,12,2.0,7,0,0,0,0,0,0,0,0,0,2022,Seton Hill University
"Helsley, Zack",3,2,5,1.5,5,0,0,0,0,0,0,1,0,0,2022,Seton Hill University
"Novitski, Nevan",4,1,5,1.0,12,1.0,12,0,0,0,0,0,0,0,2022,Seton Hill University
"Hill, Zach",2,2,4,1.0,2,0,0,0,0,0,0,1,0,0,2022,Seton Hill University
"Washington, Dak",2,2,4,0,0,0,0,0,0,0,0,0,0,0,2022,Seton Hill University
"Tillman, RJ",4,0,4,0,0,0,0,0,0,0,0,0,0,0,2022,Seton Hill University
"Allen, John",2,1,3,0.5,1,0,0,0,0,0,0,0,0,0,2022,Seton Hill University
"White, Camden",3,0,3,3.0,13,2.0,10,1,0,0,0,0,0,0,2022,Seton Hill University
"Gregory, Jehrod",2,0,2,1.0,4,0,0,0,0,0,0,0,0,0,2022,Seton Hill University
"Buterbaugh, Tyl",2,0,2,0,0,0,0,0,0,0,0,0,0,0,2022,Seton Hill University
"Mackey, Anthony",2,0,2,0,0,0,0,0,0,0,0,0,0,0,2022,Seton Hill University
"Brickman, Keith",1,0,1,0,0,0,0,0,0,0,0,0,0,0,2022,Seton Hill University
"Osborn, Mason",1,0,1,0,0,0,0,0,0,0,0,0,0,0,2022,Seton Hill University
"Robinson, Shane",1,0,1,0,0,0,0,0,0,0,0,0,0,0,2022,Seton Hill University
"Wall, Dylan",1,0,1,0,0,0,0,0,0,0,0,0,0,0,2022,Seton Hill University
"Burris, Makai",1,0,1,0,0,0,0,0,0,0,0,0,0,0,2022,Seton Hill University
"Holl,Jacob",6,10,16,2.5,7,0,0,1,1,0,0,0,0,0,2022,Bloomsburg University
"Zacharyasz,Thomas",4,7,11,1.0,4,0.5,3,0,0,0,0,1,0,0,2022,Bloomsburg University
"Hill,Zach",4,5,9,0,0,0,0,1,1,0,0,0,0,0,2022,Bloomsburg University
"Washington,Dakarai",4,5,9,0,0,0,0,0,0,0,0,0,0,0,2022,Bloomsburg University
"Helsley,Zack",3,3,6,0,0,0,0,1,0,0,0,0,0,0,2022,Bloomsburg University
"McGhee,Dominic",2,3,5,0,0,0,0,0,0,0,0,0,0,0,2022,Bloomsburg University
"Gregory,Jehrod",1,1,2,0,0,0,0,0,0,0,0,0,0,0,2022,Bloomsburg University
"Brickman,Keith",2,0,2,1.0,3,0,0,0,0,0,0,0,0,0,2022,Bloomsburg University
"Mackey,Anthony",2,0,2,0,0,0,0,0,0,0,0,0,0,0,2022,Bloomsburg University
"Tillman,RJ",2,0,2,0,0,0,0,0,0,0,0,0,0,0,2022,Bloomsburg University
"Ferretti,Dillon",0,1,1,0,0,0,0,0,0,0,0,0,0,0,2022,Bloomsburg University
"Thomas,Aiden",1,0,1,0,0,0,0,0,0,0,0,0,0,0,2022,Bloomsburg University
"Mauney,Marquis",1,0,1,0,0,0,0,0,0,0,0,0,0,0,2022,Bloomsburg University
"Mallis,Max",0,1,1,0,0,0,0,0,0,0,0,0,0,0,2022,Bloomsburg University
"Wall,Dylan",0,1,1,0,0,0,0,0,0,0,0,0,0,0,2022,Bloomsburg University
"Thompson,Ayron",0,1,1,0.5,3,0.5,3,0,0,0,0,0,0,0,2022,Bloomsburg University
"Carlton,Rashaan",1,0,1,0,0,0,0,0,0,0,0,0,0,0,2022,Bloomsburg University
"Fisher,Ryan",1,0,1,0,0,0,0,0,0,0,0,0,0,0,2022,Bloomsburg University
"Alize,David",0,0,0,0,0,0,0,0,0,0,0,0,0,0,2022,Bloomsburg University
"Alsobrooks,Brian",0,0,0,0,0,0,0,0,0,0,0,0,0,0,2022,Bloomsburg University
"White,Camden",0,0,0,0,0,0,0,0,0,0,0,2,0,0,2022,Bloomsburg University
"Taylor,Christian",6,2,8,0,0,0,0,0,0,0,0,0,0,0,2023,#1Ferris State University
"Mackey,Anthony",6,1,7,0,0,0,0,1,0,0,0,0,0,0,2023,#1Ferris State University
"Buterbaugh,Tyler",3,2,5,0,0,0,0,0,0,0,0,0,0,0,2023,#1Ferris State University
"Helsley,Zack",3,1,4,0,0,0,0,0,0,0,0,0,0,0,2023,#1Ferris State University
"McGhee,Dominic",3,1,4,0,0,0,0,0,0,0,0,0,0,0,2023,#1Ferris State University
"Benedict,Tyler",1,3,4,0,0,0,0,0,1,0,0,0,0,0,2023,#1Ferris State University
"Ferretti,Dillon",0,2,2,0,0,0,0,0,0,0,0,0,0,0,2023,#1Ferris State University
"Hill,Zach",1,1,2,0,0,0,0,0,0,0,0,0,0,0,2023,#1Ferris State University
"Washington,Dakarai",1,1,2,0,0,0,0,0,0,0,0,0,0,0,2023,#1Ferris State University
"Fisher,Peter",1,1,2,0,0,0,0,0,0,0,0,0,0,0,2023,#1Ferris State University
"Impavido,Joe",1,0,1,0,0,0,0,0,0,0,0,0,0,0,2023,#1Ferris State University
"King,Jonas",1,0,1,0,0,0,0,0,0,0,0,0,0,0,2023,#1Ferris State University
"Irving,Ken",0,1,1,0,0,0,0,0,0,0,0,0,0,0,2023,#1Ferris State University
"Elliot,Gregory",0,1,1,0,0,0,0,0,0,0,0,0,0,0,2023,#1Ferris State University
"Burchard,Sam",0,1,1,0,0,0,0,0,0,0,0,0,0,0,2023,#1Ferris State University
"Mauney,Marquis",0,1,1,0,0,0,0,0,0,0,0,0,0,0,2023,#1Ferris State University
"Brophy,Tyson",1,0,1,0,0,0,0,0,0,0,0,0,0,0,2023,#1Ferris State University
"Pustelak,Caden",0,1,1,0,0,0,0,0,0,0,0,0,0,0,2023,#1Ferris State University
"Tillman,RJ",1,0,1,0,0,0,0,0,0,0,0,0,0,0,2023,#1Ferris State University
"White,Camden",1,0,1,0,0,0,0,1,1,0,0,0,0,0,2023,#1Ferris State University
"Barmore,Cameron",0,0,0,0,0,0,0,0,0,0,0,0,0,0,2023,#1Ferris State University
"Shoaf,Dustin",0,0,0,0,0,0,0,0,0,0,0,0,0,0,2023,#1Ferris State University
"Taylor,Christian",8,1,9,0,0,0,0,0,0,0,0,0,0,0,2023,Lock Haven University
"White,Camden",5,3,8,2.0,17,2.0,17,0,0,0,0,0,0,0,2023,Lock Haven University
"Ferretti,Dillon",3,2,5,0,0,0,0,0,0,0,0,2,0,0,2023,Lock Haven University
"Helsley,Zack",4,1,5,0,0,0,0,0,0,0,0,0,0,0,2023,Lock Haven University
"Elliot,Gregory",4,1,5,0,0,0,0,0,0,0,0,0,0,0,2023,Lock Haven University
"Mackey,Anthony",3,0,3,0,0,0,0,0,0,0,0,0,0,0,2023,Lock Haven University
"Benedict,Tyler",2,1,3,0,0,0,0,0,0,0,0,2,0,0,2023,Lock Haven University
"McGhee,Dominic",1,1,2,0,0,0,0,0,0,0,0,1,0,0,2023,Lock Haven University
"Lewis,Adrian",0,2,2,0,0,0,0,0,0,0,0,0,0,0,2023,Lock Haven University
"Novitski,Nevan",1,1,2,1.0,1,0,0,0,0,0,0,0,0,0,2023,Lock Haven University
"Tillman,RJ",1,1,2,0,0,0,0,0,0,0,0,1,0,0,2023,Lock Haven University
"Malis,Max",0,1,1,0,0,0,0,0,0,0,0,0,0,0,2023,Lock Haven University
"Impavido,Joe",1,0,1,0,0,0,0,0,0,0,1-20,0,0,0,2023,Lock Haven University
"Banks,Damon",1,0,1,0,0,0,0,0,0,0,0,0,0,0,2023,Lock Haven University
"Gundumura,Tendai",0,1,1,0,0,0,0,0,0,0,0,0,0,0,2023,Lock Haven University
"Butera,Jaylen",1,0,1,0,0,0,0,0,0,0,0,0,0,0,2023,Lock Haven University
"Mauney,Marquis",1,0,1,0,0,0,0,0,0,0,0,0,0,0,2023,Lock Haven University
"Bronco,Joseph",1,0,1,0,0,0,0,0,0,0,0,0,0,0,2023,Lock Haven University
"Royal,James",1,0,1,0,0,0,0,0,0,0,0,0,0,0,2023,Lock Haven University
"Barmore,Cameron",0,0,0,0,0,0,0,0,0,0,0,0,0,0,2023,Lock Haven University
"Rodriguez,Ayron",0,0,0,0,0,0,0,0,0,0,0,0,0,0,2023,Lock Haven University
"Davison,Rylan",0,0,0,0,0,0,0,0,0,0,0,0,0,0,2023,Lock Haven University
"Nagucki,Nathan",0,0,0,0,0,0,0,0,0,0,0,0,0,0,2023,Lock Haven University
TEAM,0,0,0,0,0,0,0,0,0,0,0,0,0,0,2023,Lock Haven University
"Taylor,Christian",5,4,9,0,0,0,0,0,0,0,0,0,0,0,2023,Kutztown University
"Mackey,Anthony",7,0,7,0,0,0,0,0,1,0,0,0,0,0,2023,Kutztown University
"Tillman,RJ",2,5,7,0,0,0,0,0,0,0,0,0,0,1,2023,Kutztown University
"White,Camden",1,5,6,0,0,0,0,0,0,0,0,0,0,1,2023,Kutztown University
"Helsley,Zack",2,3,5,0,0,0,0,0,0,0,0,0,0,0,2023,Kutztown University
"Hill,Zach",1,4,5,0,0,0,0,0,0,0,0,0,0,0,2023,Kutztown University
"Buterbaugh,Tyler",0,5,5,0,0,0,0,0,0,0,0,0,0,1,2023,Kutztown University
"Mauney,Marquis",2,3,5,0,0,0,0,0,0,0,0,0,0,0,2023,Kutztown University
"Ferretti,Dillon",1,3,4,0,0,0,0,0,0,0,0,0,0,0,2023,Kutztown University
"Washington,Dakarai",0,4,4,0,0,0,0,0,0,0,0,0,0,1,2023,Kutztown University
"Royal,James",2,2,4,0,0,0,0,0,0,0,0,0,0,0,2023,Kutztown University
"Malis,Max",2,1,3,0,0,0,0,0,0,0,0,0,0,0,2023,Kutztown University
"Lewis,Adrian",1,2,3,0,0,0,0,0,0,0,0,0,0,1,2023,Kutztown University
"Impavido,Joe",1,1,2,0,0,0,0,0,0,0,0,0,0,0,2023,Kutztown University
"Binakonsky,Elijah",1,1,2,0,0,0,0,0,0,0,0,0,0,0,2023,Kutztown University
"McGhee,Dominic",1,0,1,0,0,0,0,0,0,0,0,0,0,0,2023,Kutztown University
"King,Jonas",0,1,1,0,0,0,0,0,0,0,0,0,0,0,2023,Kutztown University
"Mizgorski,Darin",0,0,0,0,0,0,0,0,0,0,0,0,0,0,2023,Kutztown University
"Tate,Trevon",0,0,0,0,0,0,0,0,0,0,0,0,0,0,2023,Kutztown University
"Nagucki,Nathan",0,0,0,0,0,0,0,0,0,0,0,0,0,0,2023,Kutztown University
"Ferretti,Dillon",1,7,8,0,0,0,0,0,0,0,0,0,0,0,2023,RVIndiana University of Pennsylvania
"White,Camden",1,7,8,1.5,7,0.5,4,0,0,0,0,0,0,0,2023,RVIndiana University of Pennsylvania
"Hill,Zach",2,5,7,0.5,1,0,0,0,0,0,0,0,0,0,2023,RVIndiana University of Pennsylvania
"Mackey,Anthony",3,3,6,0,0,0,0,0,0,0,0,1,0,0,2023,RVIndiana University of Pennsylvania
"Helsley,Zack",3,3,6,0,0,0,0,0,0,0,0,0,0,0,2023,RVIndiana University of Pennsylvania
"Novitski,Nevan",1,5,6,0.5,4,0.5,4,0,0,0,0,0,0,0,2023,RVIndiana University of Pennsylvania
"Elliot,Gregory",3,2,5,0,0,0,0,0,0,0,0,0,0,0,2023,RVIndiana University of Pennsylvania
"Buterbaugh,Tyler",2,3,5,0.5,1,0,0,0,0,0,0,0,0,0,2023,RVIndiana University of Pennsylvania
"McGhee,Dominic",1,3,4,0,0,0,0,0,0,0,0,2,0,0,2023,RVIndiana University of Pennsylvania
"Taylor,Christian",3,1,4,0,0,0,0,0,0,0,0,0,0,0,2023,RVIndiana University of Pennsylvania
"Mauney,Marquis",2,2,4,0,0,0,0,0,0,0,0,0,0,0,2023,RVIndiana University of Pennsylvania
"Washington,Dakarai",1,2,3,0,0,0,0,0,0,0,0,0,0,0,2023,RVIndiana University of Pennsylvania
"Leavell,Jeff",1,2,3,0,0,0,0,0,0,0,0,0,0,0,2023,RVIndiana University of Pennsylvania
"Malis,Max",1,1,2,1.0,3,0,0,0,0,0,0,0,0,0,2023,RVIndiana University of Pennsylvania
"Tillman,RJ",1,1,2,0,0,0,0,0,0,0,0,0,0,0,2023,RVIndiana University of Pennsylvania
"Royal,James",0,2,2,0,0,0,0,0,0,0,0,0,0,0,2023,RVIndiana University of Pennsylvania
"Impavido,Joe",1,0,1,0,0,0,0,0,0,0,0,0,0,0,2023,RVIndiana University of Pennsylvania
"King,Jonas",0,1,1,0,0,0,0,0,0,0,0,0,0,0,2023,RVIndiana University of Pennsylvania
"Lewis,Adrian",1,0,1,0,0,0,0,0,0,0,0,0,0,0,2023,RVIndiana University of Pennsylvania
"Mullins,Jerome",1,0,1,0,0,0,0,0,0,0,0,0,0,0,2023,RVIndiana University of Pennsylvania
"Stewart,Austin",0,1,1,0,0,0,0,0,0,0,0,0,0,0,2023,RVIndiana University of Pennsylvania
"Fisher,Peter",1,0,1,0,0,0,0,0,0,0,0,0,0,0,2023,RVIndiana University of Pennsylvania
"Washington,Adrien",0,1,1,0,0,0,0,0,0,0,0,0,0,0,2023,RVIndiana University of Pennsylvania
"Davison,Rylan",0,0,0,0,0,0,0,0,0,0,0,0,0,0,2023,RVIndiana University of Pennsylvania
"Nagucki,Nathan",0,0,0,0,0,0,0,0,0,0,0,0,0,0,2023,RVIndiana University of Pennsylvania
"Buterbaugh,Tyler",6,7,13,1.0,6,1.0,6,0,0,0,0,0,0,1,2023,Edinboro University of Pennsylvania
"Hill,Zach",4,6,10,0,0,0,0,0,0,0,0,0,0,0,2023,Edinboro University of Pennsylvania
"Helsley,Zack",3,5,8,0,0,0,0,0,0,0,0,1,0,0,2023,Edinboro University of Pennsylvania
"Elliot,Gregory",5,3,8,0,0,0,0,0,0,0,0,0,0,0,2023,Edinboro University of Pennsylvania
"Novitski,Nevan",4,3,7,0,0,0,0,0,0,0,0,0,0,0,2023,Edinboro University of Pennsylvania
"Taylor,Christian",2,5,7,0.5,1,0,0,0,0,0,0,0,0,0,2023,Edinboro University of Pennsylvania
"Mackey,Anthony",2,4,6,0,0,0,0,0,0,0,0,0,0,0,2023,Edinboro University of Pennsylvania
"Tillman,RJ",0,5,5,0,0,0,0,0,0,0,0,0,0,0,2023,Edinboro University of Pennsylvania
"Malis,Max",0,3,3,0.5,1,0,0,0,0,0,0,0,0,0,2023,Edinboro University of Pennsylvania
"Mullins,Jerome",0,3,3,0,0,0,0,0,0,0,0,0,0,0,2023,Edinboro University of Pennsylvania
"Mauney,Marquis",1,1,2,0,0,0,0,0,0,0,0,0,0,0,2023,Edinboro University of Pennsylvania
"White,Camden",0,2,2,0,0,0,0,0,0,0,0,0,0,0,2023,Edinboro University of Pennsylvania
"Barmore,Cameron",1,0,1,0,0,0,0,0,0,0,0,0,0,0,2023,Edinboro University of Pennsylvania
"Lewis,Adrian",0,1,1,0,0,0,0,0,0,0,0,0,0,0,2023,Edinboro University of Pennsylvania
"Binakonsky,Elijah",1,0,1,0,0,0,0,0,0,0,0,0,0,0,2023,Edinboro University of Pennsylvania
"Davison,Rylan",0,0,0,0,0,0,0,0,0,0,0,0,0,0,2023,Edinboro University of Pennsylvania
"Urena,Austin",0,0,0,0,0,0,0,0,0,0,0,0,0,0,2023,Edinboro University of Pennsylvania
"Butera,Jaylen",0,0,0,0,0,0,0,0,0,0,0,0,0,0,2023,Edinboro University of Pennsylvania
"Nagucki,Nathan",0,0,0,0,0,0,0,0,0,0,0,0,0,0,2023,Edinboro University of Pennsylvania
TEAM,0,0,0,0,0,0,0,0,0,0,0,0,0,0,2023,Edinboro University of Pennsylvania
"Mackey,Anthony",4,3,7,0,0,0,0,0,0,0,0,0,0,0,2023,#10Slippery Rock University
"Helsley,Zack",3,2,5,0,0,0,0,0,0,0,0,0,0,0,2023,#10Slippery Rock University
"Taylor,Christian",3,2,5,0,0,0,0,0,0,0,0,0,0,0,2023,#10Slippery Rock University
"Mauney,Marquis",5,0,5,0,0,0,0,0,0,0,0,1,0,0,2023,#10Slippery Rock University
"White,Camden",2,2,4,0,0,0,0,0,0,0,0,0,0,0,2023,#10Slippery Rock University
"Mullins,Jerome",1,2,3,0,0,0,0,0,0,0,0,0,0,0,2023,#10Slippery Rock University
"Ferretti,Dillon",1,1,2,0,0,0,0,0,0,0,0,0,0,0,2023,#10Slippery Rock University
"Lewis,Adrian",0,2,2,0,0,0,0,0,0,0,0,0,0,0,2023,#10Slippery Rock University
"Hill,Zach",1,1,2,0,0,0,0,0,0,0,0,0,0,0,2023,#10Slippery Rock University
"Elliot,Gregory",2,0,2,0,0,0,0,0,0,0,0,2,0,0,2023,#10Slippery Rock University
"Novitski,Nevan",1,1,2,0,0,0,0,0,0,0,0,0,0,0,2023,#10Slippery Rock University
"Buterbaugh,Tyler",2,0,2,0,0,0,0,0,0,0,0,0,0,0,2023,#10Slippery Rock University
"Foliaki,Roland",2,0,2,0,0,0,0,0,0,0,0,0,0,0,2023,#10Slippery Rock University
"Kim,Austin",1,0,1,0,0,0,0,0,0,0,0,0,0,0,2023,#10Slippery Rock University
"King,Jonas",0,1,1,0,0,0,0,0,0,0,0,0,0,0,2023,#10Slippery Rock University
"Banks,Damon",0,1,1,0,0,0,0,0,0,0,0,0,0,0,2023,#10Slippery Rock University
"Binakonsky,Elijah",1,0,1,0,0,0,0,0,0,0,0,0,0,0,2023,#10Slippery Rock University
"Grabowsky,Blaze",0,1,1,0,0,0,0,0,0,0,0,0,0,0,2023,#10Slippery Rock University
"Royal,James",0,1,1,0,0,0,0,0,0,0,0,0,0,0,2023,#10Slippery Rock University
"Black,Braydon",0,0,0,0,0,0,0,0,0,0,0,0,0,0,2023,#10Slippery Rock University
"Butera,Jaylen",0,0,0,0,0,0,0,0,0,0,0,0,0,0,2023,#10Slippery Rock University
"Mechley,Ryan",0,0,0,0,0,0,0,0,0,0,0,0,0,0,2023,#10Slippery Rock University
"Nagucki,Nathan",0,0,0,0,0,0,0,0,0,0,0,0,0,0,2023,#10Slippery Rock University
"Hill,Zach",3,8,11,0.5,1,0,0,0,0,0,0,0,0,0,2023,Clarion University
"Buterbaugh,Tyler",5,4,9,1.0,4,1.0,4,0,0,0,0,0,0,0,2023,Clarion University
"Mackey,Anthony",3,6,9,0,0,0,0,0,0,0,0,0,0,0,2023,Clarion University
"Taylor,Christian",7,1,8,1.0,1,0,0,0,0,0,0,0,0,0,2023,Clarion University
"Ferretti,Dillon",3,3,6,0,0,0,0,0,0,0,0,0,0,0,2023,Clarion University
"Helsley,Zack",2,4,6,0,0,0,0,0,0,0,0,0,0,0,2023,Clarion University
"White,Camden",2,3,5,0.5,1,0,0,0,0,0,0,0,0,0,2023,Clarion University
"Novitski,Nevan",2,2,4,0,0,0,0,0,0,0,0,0,0,0,2023,Clarion University
"Lewis,Adrian",2,1,3,0,0,0,0,0,0,0,0,0,0,0,2023,Clarion University
"Tillman,RJ",2,1,3,0,0,0,0,0,0,0,0,0,0,0,2023,Clarion University
"Beattie,Griffin",2,0,2,0,0,0,0,0,1,0,0,0,0,0,2023,Clarion University
"Elliot,Gregory",1,1,2,0,0,0,0,0,0,0,0,0,0,0,2023,Clarion University
"Impavido,Joe",2,0,2,1.0,2,0,0,0,1,0,0,0,0,0,2023,Clarion University
"Malis,Max",1,1,2,1.0,3,0,0,0,0,0,0,0,0,0,2023,Clarion University
"McGhee,Dominic",2,0,2,0,0,0,0,0,0,0,0,0,0,0,2023,Clarion University
"Binakonsky,Elijah",1,0,1,0,0,0,0,0,0,0,0,0,0,0,2023,Clarion University
"Leavell,Jeff",1,0,1,0,0,0,0,0,0,0,0,0,0,0,2023,Clarion University
"Royal,James",0,1,1,0,0,0,0,0,0,0,0,0,0,0,2023,Clarion University
"Banas,Sean",0,0,0,0,0,0,0,0,0,0,0,0,0,0,2023,Clarion University
"Black,Braydon",0,0,0,0,0,0,0,0,0,0,0,0,0,0,2023,Clarion University
"Butera,Jaylen",0,0,0,0,0,0,0,0,0,0,0,0,0,0,2023,Clarion University
"Kerbacher,Joe",0,0,0,0,0,0,0,0,0,0,0,0,0,0,2023,Clarion University
"Miller,Ryan",0,0,0,0,0,0,0,0,0,0,0,0,0,0,2023,Clarion University
"Mizgorski,Darin",0,0,0,0,0,0,0,0,0,0,0,0,0,0,2023,Clarion University
"Nagucki,Nathan",0,0,0,0,0,0,0,0,0,0,0,0,0,0,2023,Clarion University
"Urena,Austin",0,0,0,0,0,0,0,0,0,0,0,0,0,0,2023,Clarion University
"Buterbaugh,Tyler",5,5,10,0,0,0,0,0,0,0,0,0,0,0,2023,Gannon University
"Mackey,Anthony",5,2,7,0,0,0,0,0,0,0,0,0,0,0,2023,Gannon University
"Ferretti,Dillon",3,3,6,0,0,0,0,0,0,0,0,0,0,0,2023,Gannon University
"Helsley,Zack",4,2,6,0,0,0,0,0,0,0,0,0,0,0,2023,Gannon University
"Hill,Zach",2,3,5,0,0,0,0,0,0,0,0,1,0,0,2023,Gannon University
"Taylor,Christian",5,0,5,1.0,5,0,0,0,0,0,0,0,0,0,2023,Gannon University
"Tillman,RJ",1,2,3,0,0,0,0,0,0,0,1--2,0,0,0,2023,Gannon University
"White,Camden",1,2,3,0,0,0,0,0,0,0,0,1,0,0,2023,Gannon University
"Impavido,Joe",2,0,2,0,0,0,0,0,0,0,0,2,0,0,2023,Gannon University
"McGhee,Dominic",2,0,2,0,0,0,0,0,0,0,0,2,0,0,2023,Gannon University
"Mullins,Jerome",1,1,2,0,0,0,0,0,0,0,0,0,0,0,2023,Gannon University
"Malis,Max",1,0,1,1.0,3,0,0,0,0,0,0,0,0,0,2023,Gannon University
"Lewis,Adrian",0,1,1,0,0,0,0,0,0,0,0,1,0,0,2023,Gannon University
"Banks,Damon",0,1,1,0,0,0,0,0,0,0,0,0,0,0,2023,Gannon University
"Novitski,Nevan",1,0,1,0,0,0,0,0,0,0,0,0,0,0,2023,Gannon University
"Binakonsky,Elijah",0,1,1,0,0,0,0,0,0,0,0,0,0,0,2023,Gannon University
"Beattie,Griffin",1,0,1,0,0,0,0,0,0,0,0,0,0,0,2023,Gannon University
"Royal,James",0,1,1,0,0,0,0,0,0,0,0,0,0,0,2023,Gannon University
"Kerbacher,Joe",0,0,0,0,0,0,0,0,0,0,0,0,0,0,2023,Gannon University
"Shoaf,Dustin",0,0,0,0,0,0,0,0,0,0,0,0,0,0,2023,Gannon University
"Black,Braydon",0,0,0,0,0,0,0,0,0,0,0,0,0,0,2023,Gannon University
"Nagucki,Nathan",0,0,0,0,0,0,0,0,0,0,0,0,0,0,2023,Gannon University
TEAM,0,0,0,0,0,0,0,0,0,0,0,0,0,0,2023,Gannon University
"Buterbaugh, Tyl",9,7,16,1.0,7,0,0,0,0,0,0,0,0,1,2023,California University of Pennsylvania
"Hill, Zach",2,7,9,1.0,2,0,0,0,0,0,0,1,0,0,2023,California University of Pennsylvania
"Binakonsky, Eli",5,4,9,1.0,1,0,0,0,0,0,0,0,0,0,2023,California University of Pennsylvania
"Mackey, Anthony",3,2,5,0,0,0,0,0,0,0,0,0,0,0,2023,California University of Pennsylvania
"Helsley, Zack",0,4,4,0,0,0,0,0,0,0,0,1,0,0,2023,California University of Pennsylvania
"White, Camden",2,2,4,2.0,2,0,0,0,0,0,0,0,0,1,2023,California University of Pennsylvania
"Novitski, Nevan",2,1,3,1.0,4,1.0,4,0,0,0,0,0,0,0,2023,California University of Pennsylvania
"Elliot, Gregory",0,2,2,0,0,0,0,0,0,0,0,0,0,0,2023,California University of Pennsylvania
"Ferretti, Dillo",0,2,2,0,0,0,0,0,0,0,0,0,0,0,2023,California University of Pennsylvania
"Mizgorski, Dari",2,0,2,0,0,0,0,0,0,0,0,0,0,0,2023,California University of Pennsylvania
"McGhee, Dominic",1,1,2,0,0,0,0,0,0,0,0,0,0,0,2023,California University of Pennsylvania
"Banks, Damon",0,2,2,0.5,2,0,0,0,0,0,0,0,0,0,2023,California University of Pennsylvania
"Gundumura, Tend",0,2,2,0,0,0,0,0,0,0,0,0,0,0,2023,California University of Pennsylvania
"Mullins, Jerome",2,0,2,0,0,0,0,0,0,0,0,1,0,0,2023,California University of Pennsylvania
"Leavell, Jeff",2,0,2,0,0,0,0,0,0,0,0,0,0,0,2023,California University of Pennsylvania
"Royal, James",1,1,2,0,0,0,0,0,0,0,0,0,0,0,2023,California University of Pennsylvania
"Pytlak, Russell",1,0,1,0,0,0,0,0,0,0,0,0,0,0,2023,California University of Pennsylvania
"Lewis, Adrian",1,0,1,0,0,0,0,0,0,0,0,0,0,0,2023,California University of Pennsylvania
"Pappas, Mike",1,0,1,0,0,0,0,0,0,0,0,0,0,0,2023,California University of Pennsylvania
"Taylor, Christi",1,0,1,0,0,0,0,0,0,0,0,0,0,0,2023,California University of Pennsylvania
"Burchard, Sam",0,1,1,0,0,0,0,0,0,0,0,0,0,0,2023,California University of Pennsylvania
"Long, Anthony",1,0,1,0,0,0,0,0,0,0,0,0,0,0,2023,California University of Pennsylvania
"Welch, Ryan",1,0,1,0,0,0,0,0,0,0,0,0,0,0,2023,California University of Pennsylvania
"Tillman, RJ",0,1,1,0.5,1,0,0,0,0,0,0,0,0,0,2023,California University of Pennsylvania
"Beattie, Griffi",1,0,1,0,0,0,0,0,0,0,0,0,0,0,2023,California University of Pennsylvania
"Foliaki, Roland",0,1,1,0,0,0,0,0,0,0,0,0,0,0,2023,California University of Pennsylvania
"Hill,Zach",8,2,10,0,0,0,0,0,0,0,0,0,0,0,2023,Seton Hill University
"White,Camden",3,5,8,0.5,1,0,0,0,0,0,0,0,0,0,2023,Seton Hill University
"Buterbaugh,Tyler",5,1,6,0,0,0,0,0,0,0,0,0,0,0,2023,Seton Hill University
"Royal,James",4,1,5,1.0,8,1.0,8,0,0,0,0,0,0,0,2023,Seton Hill University
"Taylor,Christian",0,4,4,0,0,0,0,0,0,0,0,0,0,0,2023,Seton Hill University
"Mackey,Anthony",1,2,3,0,0,0,0,0,0,0,0,0,0,0,2023,Seton Hill University
"Burchard,Sam",1,2,3,0,0,0,0,0,0,0,0,0,0,0,2023,Seton Hill University
"Helsley,Zack",1,1,2,0,0,0,0,0,0,0,0,0,0,0,2023,Seton Hill University
"Banks,Damon",1,1,2,0,0,0,0,0,0,0,0,0,0,0,2023,Seton Hill University
"Novitski,Nevan",1,1,2,0,0,0,0,0,0,0,0,0,0,1,2023,Seton Hill University
"Mullins,Jerome",2,0,2,0,0,0,0,0,0,0,0,0,0,0,2023,Seton Hill University
"Malis,Max",0,1,1,0.5,1,0,0,0,0,0,0,0,0,0,2023,Seton Hill University
"Ferretti,Dillon",1,0,1,1.0,3,1.0,3,0,0,0,0,0,0,0,2023,Seton Hill University
"Impavido,Joe",1,0,1,0,0,0,0,0,0,0,0,0,0,0,2023,Seton Hill University
"McGhee,Dominic",0,1,1,0,0,0,0,0,0,0,0,0,0,0,2023,Seton Hill University
"Lewis,Adrian",1,0,1,1.0,4,0,0,0,0,0,0,0,0,0,2023,Seton Hill University
"Dombkowski,Joe",0,1,1,0,0,0,0,0,0,0,0,0,0,0,2023,Seton Hill University
"Urena,Austin",1,0,1,0,0,0,0,0,0,0,0,0,0,0,2023,Seton Hill University
"Elliot,Gregory",1,0,1,0,0,0,0,0,0,0,1-0,0,0,0,2023,Seton Hill University
"Benedict,Tyler",0,1,1,0,0,0,0,0,0,0,0,0,0,0,2023,Seton Hill University
"Buterbaugh, Tyl",6,5,11,0,0,0,0,0,0,0,0,0,0,0,2023,RVShepherd University
"Helsley, Zack",6,2,8,0,0,0,0,0,0,0,1-30,0,0,0,2023,RVShepherd University
"Burchard, Sam",6,0,6,0,0,0,0,0,0,0,0,0,0,0,2023,RVShepherd University
"Mullins, Jerome",4,2,6,0,0,0,0,0,0,0,0,0,0,0,2023,RVShepherd University
"Hill, Zach",2,3,5,0,0,0,0,0,0,0,0,1,0,0,2023,RVShepherd University
"Ferretti, Dillo",2,2,4,0,0,0,0,0,0,0,0,0,0,0,2023,RVShepherd University
"McGhee, Dominic",4,0,4,0,0,0,0,0,0,0,0,0,0,0,2023,RVShepherd University
"Banks, Damon",1,1,2,0,0,0,0,0,0,0,0,0,0,0,2023,RVShepherd University
"Novitski, Nevan",2,0,2,0,0,0,0,1,1,0,0,0,0,0,2023,RVShepherd University
"Binakonsky, Eli",2,0,2,0,0,0,0,0,0,0,0,0,0,0,2023,RVShepherd University
"White, Camden",0,2,2,0,0,0,0,0,0,0,0,0,0,0,2023,RVShepherd University
"Malis, Max",1,0,1,0,0,0,0,0,0,0,0,0,0,0,2023,RVShepherd University
"Urena, Austin",1,0,1,0,0,0,0,0,0,0,0,0,0,0,2023,RVShepherd University
"Taylor, Christi",0,1,1,0,0,0,0,0,0,0,0,0,0,0,2023,RVShepherd University
"Beattie, Griffi",1,0,1,0,0,0,0,0,0,0,0,0,0,0,2023,RVShepherd University
"Royal, James",1,0,1,0,0,0,0,0,0,0,0,0,0,0,2023,RVShepherd University
"Pappas, Mike",0,0,0,0,0,0,0,0,0,0,0,1,0,0,2023,RVShepherd University
"Buterbaugh,Tyler",3,5,8,1.0,3,0,0,0,1,0,0,1,0,0,2024,Wheeling University
"Thomas,Will",3,3,6,0,0,0,0,0,0,0,0,0,0,0,2024,Wheeling University
"Hill,Zach",1,5,6,0,0,0,0,0,0,0,0,0,0,0,2024,Wheeling University
"Helsley,Zack",3,1,4,0,0,0,0,0,0,0,0,0,0,0,2024,Wheeling University
"Leavell,Jeff",1,3,4,0.5,1,0,0,0,0,0,0,0,0,0,2024,Wheeling University
"Ferretti,Dillon",2,1,3,0,0,0,0,0,0,0,0,0,0,0,2024,Wheeling University
"White,Camden",2,1,3,1.0,1,0,0,0,0,0,0,0,0,0,2024,Wheeling University
"Mackey,Anthony",2,1,3,0,0,0,0,0,0,0,0,2,0,0,2024,Wheeling University
"Laing,Kyler",0,2,2,0,0,0,0,0,0,0,0,0,0,0,2024,Wheeling University
"Mitchell,Jason",2,0,2,0,0,0,0,0,0,0,0,0,0,0,2024,Wheeling University
"Banks,Damon",1,1,2,0.5,1,0,0,0,0,0,0,0,0,0,2024,Wheeling University
"Royal,James",2,0,2,0,0,0,0,0,0,0,0,0,0,0,2024,Wheeling University
"Graham,Elijah",1,1,2,0,0,0,0,0,0,0,0,0,0,0,2024,Wheeling University
"Novitski,Nevan",1,0,1,1.0,0,1.0,0,0,0,0,0,0,0,0,2024,Wheeling University
"McGhee,Dominic",0,1,1,0,0,0,0,0,0,0,0,2,0,0,2024,Wheeling University
"King,Jonas",0,1,1,0,0,0,0,0,0,0,0,0,0,0,2024,Wheeling University
"Hill,Jaiden",1,0,1,0,0,0,0,1,0,0,0,1,0,0,2024,Wheeling University
"Lewis,Adrian",1,0,1,1.0,5,0,0,0,0,0,0,0,0,0,2024,Wheeling University
"Urena,Adam",1,0,1,0,0,0,0,0,0,0,0,0,0,0,2024,Wheeling University
"Wright,Travell",1,0,1,0,0,0,0,0,0,0,0,0,0,0,2024,Wheeling University
"Barmore,Cameron",0,0,0,0,0,0,0,0,0,0,0,0,0,0,2024,Wheeling University
"Pytlak,Russell",0,0,0,0,0,0,0,0,0,0,0,0,0,0,2024,Wheeling University
"Davis,Earnest",0,0,0,0,0,0,0,0,0,0,0,0,0,0,2024,Wheeling University
"Trobel,Brian",0,0,0,0,0,0,0,0,0,0,0,0,0,0,2024,Wheeling University
"Nagucki,Nathan",0,0,0,0,0,0,0,0,0,0,0,0,0,0,2024,Wheeling University
"Beckwith,Braylon",0,0,0,0,0,0,0,0,0,0,0,1,0,0,2024,Wheeling University
"Hill,Zach",5,3,8,0,0,0,0,0,0,0,0,1,0,0,2024,Howard University
"Helsley,Zack",2,5,7,1.0,1,0,0,0,0,0,0,0,0,0,2024,Howard University
"Novitski,Nevan",5,2,7,0,0,0,0,0,1,0,0,0,0,0,2024,Howard University
"Buterbaugh,Tyler",5,1,6,0,0,0,0,0,0,0,0,0,0,0,2024,Howard University
"Ferretti,Dillon",5,1,6,1.0,1,0,0,0,0,0,0,0,0,0,2024,Howard University
"Leavell,Jeff",2,4,6,1.0,3,0,0,0,0,0,0,0,0,0,2024,Howard University
"Thomas,Will",2,3,5,0.5,1,0,0,0,0,0,0,0,0,0,2024,Howard University
"Graham,Elijah",2,2,4,0,0,0,0,1,0,0,0,0,1,0,2024,Howard University
"King,Jonas",3,1,4,1.5,7,0,0,0,0,0,0,1,0,2,2024,Howard University
"Mackey,Anthony",1,3,4,0,0,0,0,0,0,0,0,0,0,0,2024,Howard University
"Malis,Max",2,1,3,0,0,0,0,0,0,0,0,0,0,0,2024,Howard University
"McGhee,Dominic",2,1,3,0,0,0,0,0,0,0,0,1,0,0,2024,Howard University
"White,Camden",2,1,3,1.0,10,1.0,10,0,0,0,0,0,0,1,2024,Howard University
"Lewis,Adrian",1,1,2,0,0,0,0,0,0,0,0,0,0,1,2024,Howard University
"Royal,James",0,2,2,0,0,0,0,0,0,0,0,0,0,0,2024,Howard University
"Banks,Damon",0,1,1,0,0,0,0,0,0,0,0,0,0,0,2024,Howard University
"Beckwith,Braylon",1,0,1,0,0,0,0,0,0,0,0,1,0,0,2024,Howard University
"Scharriter,Colin",0,1,1,0,0,0,0,0,0,0,0,0,0,0,2024,Howard University
"Wright,Travell",0,1,1,0,0,0,0,0,0,0,0,0,0,0,2024,Howard University
"Barmore,Cameron",0,0,0,0,0,0,0,0,0,0,0,0,0,0,2024,Howard University
"Davis,Earnest",0,0,0,0,0,0,0,0,0,0,0,0,0,0,2024,Howard University
"Davison,Rylan",0,0,0,0,0,0,0,0,0,0,0,0,0,0,2024,Howard University
"Nagucki,Nathan",0,0,0,0,0,0,0,0,0,0,0,0,0,0,2024,Howard University
"Pytlak,Russell",0,0,0,0,0,0,0,0,0,0,0,0,0,0,2024,Howard University
"Rodriguez,Ayron",0,0,0,0,0,0,0,0,0,0,0,0,0,0,2024,Howard University
"Trobel,Brian",0,0,0,0,0,0,0,0,0,0,0,0,0,0,2024,Howard University
"Buterbaugh,Tyler",4,6,10,0.5,3,0,0,0,0,0,0,1,0,0,2024,Robert Morris University
"Helsley,Zack",3,6,9,0,0,0,0,0,0,0,0,0,0,0,2024,Robert Morris University
"Thomas,Will",5,1,6,0,0,0,0,0,0,0,0,0,0,0,2024,Robert Morris University
"Laing,Kyler",3,3,6,1.0,6,0.5,4,0,0,0,1-30,0,0,1,2024,Robert Morris University
"Graham,Elijah",3,1,4,0,0,0,0,0,0,0,0,0,0,0,2024,Robert Morris University
"Mackey,Anthony",4,0,4,0,0,0,0,0,0,0,0,0,0,0,2024,Robert Morris University
"Hill,Zach",0,4,4,0,0,0,0,0,0,0,0,0,0,0,2024,Robert Morris University
"Ferretti,Dillon",1,2,3,0,0,0,0,0,0,0,0,0,0,0,2024,Robert Morris University
"Leavell,Jeff",2,1,3,1.0,1,0,0,0,0,0,0,0,0,0,2024,Robert Morris University
"Humphries,Josh",0,2,2,0,0,0,0,0,0,0,0,0,0,0,2024,Robert Morris University
"Wright,Travell",2,0,2,0,0,0,0,0,0,0,0,0,0,0,2024,Robert Morris University
"Binakonsky,Elijah",0,2,2,0,0,0,0,0,0,0,0,0,0,0,2024,Robert Morris University
"Marshall,Adonis",1,1,2,0,0,0,0,0,0,0,0,0,0,0,2024,Robert Morris University
"Malis,Max",1,0,1,0,0,0,0,0,0,0,0,0,0,0,2024,Robert Morris University
"Barmore,Cameron",1,0,1,0,0,0,0,0,0,0,0,0,0,0,2024,Robert Morris University
"Banks,Damon",0,1,1,0,0,0,0,0,0,0,0,0,0,0,2024,Robert Morris University
"McGhee,Dominic",0,1,1,0,0,0,0,0,0,0,0,0,0,0,2024,Robert Morris University
"Scharriter,Colin",0,1,1,0,0,0,0,0,0,0,0,0,0,0,2024,Robert Morris University
"Benedict,Tyler",0,1,1,0,0,0,0,0,0,0,0,0,0,0,2024,Robert Morris University
"Carter,Patrick",0,1,1,0,0,0,0,0,0,0,0,0,0,0,2024,Robert Morris University
"White,Camden",0,1,1,0.5,4,0.5,4,0,0,0,0,0,0,0,2024,Robert Morris University
"Royal,James",0,1,1,0,0,0,0,0,0,0,0,0,0,0,2024,Robert Morris University
TEAM,1,0,1,0,0,0,0,0,0,0,0,0,0,0,2024,Robert Morris University
"Rodriguez,Ayron",0,0,0,0,0,0,0,0,0,0,0,0,0,0,2024,Robert Morris University
"Davis,Earnest",0,0,0,0,0,0,0,0,0,0,0,0,0,0,2024,Robert Morris University
"Nagucki,Nathan",0,0,0,0,0,0,0,0,0,0,0,0,0,0,2024,Robert Morris University
"Buterbaugh,Tyler",8,2,10,1.0,4,0,0,0,0,0,0,0,0,0,2024,Montana State University
"Mackey,Anthony",4,4,8,1.0,5,0,0,0,0,0,0,0,0,0,2024,Montana State University
"Hill,Zach",4,3,7,0,0,0,0,1,0,0,0,0,0,0,2024,Montana State University
"Helsley,Zack",4,2,6,0,0,0,0,0,0,0,0,0,0,0,2024,Montana State University
"Graham,Elijah",2,1,3,0,0,0,0,0,0,0,0,1,0,0,2024,Montana State University
"Marshall,Adonis",2,1,3,0,0,0,0,0,1,43,0,0,0,0,2024,Montana State University
"Beckwith,Braylon",3,0,3,0,0,0,0,0,0,0,0,0,0,0,2024,Montana State University
"White,Camden",2,1,3,0,0,0,0,0,0,0,0,0,0,0,2024,Montana State University
"Ferretti,Dillon",1,1,2,0,0,0,0,0,0,0,0,0,0,0,2024,Montana State University
"Banks,Damon",0,2,2,0,0,0,0,0,0,0,0,0,0,0,2024,Montana State University
"King,Jonas",1,1,2,0,0,0,0,0,0,0,0,0,0,0,2024,Montana State University
"Thomas,Will",0,2,2,0,0,0,0,0,0,0,0,0,0,0,2024,Montana State University
"Scharriter,Colin",1,1,2,0,0,0,0,0,0,0,0,0,0,0,2024,Montana State University
"Malis,Max",0,1,1,0,0,0,0,0,0,0,0,0,0,0,2024,Montana State University
"Lewis,Adrian",1,0,1,0,0,0,0,0,0,0,0,0,0,0,2024,Montana State University
"Humphries,Josh",0,1,1,0,0,0,0,0,0,0,0,0,0,0,2024,Montana State University
"Leavell,Jeff",0,1,1,0,0,0,0,0,0,0,0,0,0,0,2024,Montana State University
"Burchard,Sam",1,0,1,0,0,0,0,0,0,0,0,0,0,0,2024,Montana State University
"Binakonsky,Elijah",1,0,1,0,0,0,0,0,0,0,0,0,0,0,2024,Montana State University
"Davis,Chaz",0,0,0,0,0,0,0,0,0,0,0,0,0,0,2024,Montana State University
"Kerbacher,Joe",0,0,0,0,0,0,0,0,0,0,0,0,0,0,2024,Montana State University
"Hill,Jaiden",0,0,0,0,0,0,0,0,0,0,0,1,0,0,2024,Montana State University
"Urena,Adam",0,0,0,0,0,0,0,0,0,0,0,0,0,0,2024,Montana State University
"Null,Collin",0,0,0,0,0,0,0,0,0,06,0,0,0,0,2024,Montana State University
"Nagucki,Nathan",0,0,0,0,0,0,0,0,0,0,0,0,0,0,2024,Montana State University
"Hill,Zach",3,7,10,0.5,1,0,0,0,0,0,0,0,0,0,2024,Frostburg State University
"Helsley,Zack",4,5,9,0,0,0,0,0,0,0,0,0,0,0,2024,Frostburg State University
"White,Camden",4,3,7,1.5,2,0,0,0,0,0,0,0,0,1,2024,Frostburg State University
"Malis,Max",1,5,6,0.5,1,0,0,0,0,0,0,0,0,0,2024,Frostburg State University
"Thomas,Will",1,5,6,0,0,0,0,0,0,0,0,1,0,0,2024,Frostburg State University
"Buterbaugh,Tyler",2,3,5,1.0,3,0,0,0,0,0,1-30,0,0,0,2024,Frostburg State University
"Beckwith,Braylon",1,3,4,0.5,0,0,0,0,0,0,0,0,0,0,2024,Frostburg State University
"Royal,James",2,2,4,0,0,0,0,0,0,0,0,0,0,0,2024,Frostburg State University
"Mackey,Anthony",1,2,3,0,0,0,0,0,0,0,0,0,0,0,2024,Frostburg State University
"Ferretti,Dillon",1,2,3,0,0,0,0,0,0,0,0,0,0,0,2024,Frostburg State University
"King,Jonas",1,2,3,0,0,0,0,0,0,0,0,0,0,0,2024,Frostburg State University
"McGhee,Dominic",2,1,3,0,0,0,0,0,0,0,0,0,0,0,2024,Frostburg State University
"Leavell,Jeff",1,2,3,0,0,0,0,0,0,0,0,0,0,0,2024,Frostburg State University
"Marshall,Adonis",2,1,3,0,0,0,0,0,0,0,0,0,0,0,2024,Frostburg State University
"Humphries,Josh",1,1,2,0,0,0,0,0,0,0,0,0,0,0,2024,Frostburg State University
"Hill,Jaiden",2,0,2,0,0,0,0,0,0,0,0,0,0,0,2024,Frostburg State University
"Novitski,Nevan",0,2,2,0,0,0,0,0,0,0,0,0,0,0,2024,Frostburg State University
"Mullins,Jerome",0,2,2,0,0,0,0,0,0,0,0,0,0,0,2024,Frostburg State University
"Banks,Damon",0,1,1,0,0,0,0,0,0,0,0,0,0,0,2024,Frostburg State University
"Lewis,Adrian",0,1,1,0,0,0,0,0,0,0,0,0,0,0,2024,Frostburg State University
"Huguely,Keon'te",0,1,1,0,0,0,0,0,0,0,0,0,0,0,2024,Frostburg State University
"Wright,Travell",0,1,1,0,0,0,0,0,0,0,0,0,0,0,2024,Frostburg State University
"Scharriter,Colin",1,0,1,0,0,0,0,0,0,0,0,0,0,0,2024,Frostburg State University
"Hawkins Jr.,Mark",1,0,1,0,0,0,0,0,0,0,0,0,0,0,2024,Frostburg State University
"Trobel,Brian",0,0,0,0,0,0,0,0,0,0,0,0,0,0,2024,Frostburg State University
"Rodriguez,Ayron",0,0,0,0,0,0,0,0,0,0,0,0,0,0,2024,Frostburg State University
"Davis,Chaz",0,0,0,0,0,0,0,0,0,0,0,0,0,0,2024,Frostburg State University
"Davison,Rylan",0,0,0,0,0,0,0,0,0,0,0,0,0,0,2024,Frostburg State University
"Helsley,Zack",4,4,8,1.0,7,0,0,0,0,0,0,2,0,0,2024,Buffalo State
"Hill,Zach",1,5,6,1.5,5,0,0,0,0,0,0,0,0,0,2024,Buffalo State
"Buterbaugh,Tyler",4,1,5,0,0,0,0,0,0,0,0,0,0,0,2024,Buffalo State
"Leavell,Jeff",3,1,4,0,0,0,0,0,0,0,0,0,0,0,2024,Buffalo State
"Royal,James",3,1,4,1.0,8,1.0,8,0,0,0,0,0,0,0,2024,Buffalo State
"Banks,Damon",1,2,3,0.5,1,0,0,0,0,0,0,0,0,0,2024,Buffalo State
"Mullins,Jerome",2,1,3,0,0,0,0,0,0,0,0,1,0,0,2024,Buffalo State
"Thomas,Will",0,3,3,0,0,0,0,0,0,0,1-9,0,0,0,2024,Buffalo State
"White,Camden",2,1,3,1.0,6,1.0,6,1,0,0,0,0,0,1,2024,Buffalo State
"Wright,Travell",3,0,3,0,0,0,0,0,0,0,0,0,0,0,2024,Buffalo State
"Carter,Patrick",2,0,2,0,0,0,0,0,0,0,0,0,0,0,2024,Buffalo State
"Ferretti,Dillon",2,0,2,1.0,4,0,0,0,0,0,0,0,0,0,2024,Buffalo State
"Lewis,Adrian",2,0,2,2.0,4,2.0,4,0,0,0,0,0,0,0,2024,Buffalo State
"Beckwith,Braylon",0,1,1,0,0,0,0,0,0,0,0,0,0,0,2024,Buffalo State
"Cobb Jr.,Corey",0,1,1,0,0,0,0,0,0,0,0,0,0,0,2024,Buffalo State
"Fitzgerald,Deveyon",1,0,1,0,0,0,0,0,0,0,0,0,0,0,2024,Buffalo State
"Gevaudan,Alex",1,0,1,0,0,0,0,0,0,0,0,0,0,0,2024,Buffalo State
"Hawkins Jr.,Mark",1,0,1,0,0,0,0,0,0,0,0,0,0,0,2024,Buffalo State
"Jones,Payton",1,0,1,0,0,0,0,0,0,0,0,0,0,0,2024,Buffalo State
"King,Jonas",0,1,1,0,0,0,0,0,0,0,0,0,0,0,2024,Buffalo State
"Malis,Max",1,0,1,1.0,2,0,0,0,0,0,0,0,0,0,2024,Buffalo State
"Marshall,Adonis",1,0,1,0,0,0,0,0,0,0,0,0,0,0,2024,Buffalo State
"Washington,Broderick",1,0,1,0,0,0,0,0,0,0,0,0,0,0,2024,Buffalo State
"Barmore,Cameron",0,0,0,0,0,0,0,0,0,0,0,0,0,0,2024,Buffalo State
"Black,Braydon",0,0,0,0,0,0,0,0,0,0,0,0,0,0,2024,Buffalo State
"Davis,Chaz",0,0,0,0,0,0,0,0,0,0,0,0,0,0,2024,Buffalo State
"Davison,Rylan",0,0,0,0,0,0,0,0,0,0,0,0,0,0,2024,Buffalo State
"Grabowsky,Blaze",0,0,0,0,0,0,0,0,0,0,0,0,1,0,2024,Buffalo State
"Huguely,Keon'te",0,0,0,0,0,0,0,0,0,0,0,1,0,0,2024,Buffalo State
"Jordan,Anez",0,0,0,0,0,0,0,0,0,0,0,1,0,0,2024,Buffalo State
"Mallett,Keonn",0,0,0,0,0,0,0,0,0,0,0,1,0,0,2024,Buffalo State
"Nagucki,Nathan",0,0,0,0,0,0,0,0,0,0,0,0,0,0,2024,Buffalo State
"Urena,Austin",0,0,0,0,0,0,0,0,0,0,0,0,0,0,2024,Buffalo State
TEAM,0,0,0,0,0,0,0,0,0,0,0,0,0,0,2024,Buffalo State
"Buterbaugh,Tyler",7,10,17,0.5,1,0,0,0,0,0,0,0,0,0,2024,Central Connecticut State University
"Helsley,Zack",3,6,9,0,0,0,0,0,0,0,0,0,0,0,2024,Central Connecticut State University
"Mackey,Anthony",5,3,8,0,0,0,0,0,1,0,0,0,0,0,2024,Central Connecticut State University
"Hill,Zach",2,6,8,0,0,0,0,0,0,0,0,0,0,0,2024,Central Connecticut State University
"King,Jonas",4,1,5,2.0,5,1.0,4,0,0,0,0,0,0,0,2024,Central Connecticut State University
"Thomas,Will",2,3,5,0,0,0,0,0,0,0,0,0,0,0,2024,Central Connecticut State University
"Graham,Elijah",2,2,4,0,0,0,0,0,0,0,0,0,0,0,2024,Central Connecticut State University
"McGhee,Dominic",2,2,4,1.0,3,0,0,0,0,0,0,0,0,0,2024,Central Connecticut State University
"Lewis,Adrian",3,1,4,1.0,1,0,0,1,0,0,0,0,0,0,2024,Central Connecticut State University
"Beckwith,Braylon",1,2,3,0.5,1,0,0,0,0,0,0,0,0,0,2024,Central Connecticut State University
"Novitski,Nevan",0,2,2,0,0,0,0,0,0,0,0,0,0,1,2024,Central Connecticut State University
"White,Camden",2,0,2,0,0,0,0,0,0,0,0,0,0,0,2024,Central Connecticut State University
"Royal,James",1,1,2,0,0,0,0,0,0,0,0,0,0,0,2024,Central Connecticut State University
"Malis,Max",0,1,1,0,0,0,0,0,0,0,0,0,0,0,2024,Central Connecticut State University
"Banks,Damon",1,0,1,0,0,0,0,0,0,0,0,0,0,0,2024,Central Connecticut State University
"Davison,Rylan",1,0,1,0,0,0,0,0,0,0,0,0,0,0,2024,Central Connecticut State University
"Hill,Jaiden",1,0,1,0,0,0,0,0,0,0,0,0,0,0,2024,Central Connecticut State University
"Wright,Travell",1,0,1,0,0,0,0,0,0,0,0,0,0,0,2024,Central Connecticut State University
"Trobel,Brian",0,0,0,0,0,0,0,0,0,0,0,0,0,0,2024,Central Connecticut State University
"Urena,Adam",0,0,0,0,0,0,0,0,0,0,0,0,0,0,2024,Central Connecticut State University
"Nagucki,Nathan",0,0,0,0,0,0,0,0,0,0,0,0,0,0,2024,Central Connecticut State University
"Hill,Zach",2,6,8,0,0,0,0,0,0,0,0,0,0,0,2024,Sacred Heart University
"Graham,Elijah",4,1,5,0,0,0,0,0,0,0,0,0,0,0,2024,Sacred Heart University
"Banks,Damon",4,1,5,2.0,2,0,0,0,0,0,0,0,0,0,2024,Sacred Heart University
"Thomas,Will",3,2,5,1.0,1,0,0,0,0,0,0,0,0,1,2024,Sacred Heart University
"Buterbaugh,Tyler",2,3,5,1.0,2,0,0,0,0,0,0,0,0,0,2024,Sacred Heart University
"Helsley,Zack",3,1,4,0,0,0,0,0,0,0,0,0,0,0,2024,Sacred Heart University
"Mackey,Anthony",3,0,3,0,0,0,0,0,0,0,0,0,0,0,2024,Sacred Heart University
"McGhee,Dominic",3,0,3,0,0,0,0,0,0,0,0,0,0,0,2024,Sacred Heart University
"Lewis,Adrian",2,1,3,0,0,0,0,0,1,0,0,0,0,0,2024,Sacred Heart University
"King,Jonas",1,1,2,0,0,0,0,0,0,0,0,0,0,1,2024,Sacred Heart University
"Beckwith,Braylon",1,1,2,0,0,0,0,0,0,0,0,0,0,0,2024,Sacred Heart University
"Carter,Patrick",1,1,2,0,0,0,0,0,0,0,0,0,0,0,2024,Sacred Heart University
"White,Camden",1,1,2,0,0,0,0,0,0,0,0,0,0,0,2024,Sacred Heart University
"Royal,James",2,0,2,1.0,2,0,0,1,0,0,0,0,0,0,2024,Sacred Heart University
"Urena,Austin",1,0,1,0,0,0,0,0,0,0,0,0,0,0,2024,Sacred Heart University
"McAndrews,Ramon",0,1,1,0,0,0,0,0,0,0,0,0,0,0,2024,Sacred Heart University
"Rodriguez,Ayron",0,0,0,0,0,0,0,0,0,0,0,0,0,0,2024,Sacred Heart University
"Black,Braydon",0,0,0,0,0,0,0,0,0,0,0,0,0,0,2024,Sacred Heart University
"Urena,Adam",0,0,0,0,0,0,0,0,0,0,0,0,0,0,2024,Sacred Heart University
"Nagucki,Nathan",0,0,0,0,0,0,0,0,0,0,0,0,0,0,2024,Sacred Heart University
"Hill,Zach",2,4,6,0,0,0,0,0,0,0,0,0,0,0,2024,Duquesne University
"Mackey,Anthony",1,3,4,0,0,0,0,0,0,0,0,0,0,0,2024,Duquesne University
"Hill,Jaiden",3,1,4,0,0,0,0,0,0,0,0,1,0,0,2024,Duquesne University
"Binakonsky,Elijah",2,2,4,1.5,2,0,0,0,0,0,0,1,0,0,2024,Duquesne University
"White,Camden",3,1,4,0,0,0,0,0,0,0,0,0,0,1,2024,Duquesne University
"Banks,Damon",1,2,3,0.5,0,0,0,0,0,0,0,0,0,0,2024,Duquesne University
"Benedict,Tyler",1,2,3,0,0,0,0,0,0,0,0,0,0,0,2024,Duquesne University
"Marshall,Adonis",2,1,3,0,0,0,0,0,0,0,0,1,0,0,2024,Duquesne University
"Beckwith,Braylon",3,0,3,0,0,0,0,0,0,0,0,0,0,0,2024,Duquesne University
"Helsley,Zack",1,1,2,0,0,0,0,0,0,0,0,1,0,0,2024,Duquesne University
"Novitski,Nevan",0,2,2,0,0,0,0,0,0,0,0,0,0,0,2024,Duquesne University
"Buterbaugh,Tyler",1,1,2,0,0,0,0,0,1,0,0,0,0,0,2024,Duquesne University
"Ferretti,Dillon",1,0,1,0,0,0,0,0,0,0,0,0,0,0,2024,Duquesne University
"Rodriguez,Ayron",1,0,1,0,0,0,0,0,0,0,0,0,0,0,2024,Duquesne University
"Lewis,Adrian",0,1,1,0,0,0,0,0,0,0,0,0,0,0,2024,Duquesne University
"Huguely,Keon'te",1,0,1,0,0,0,0,0,0,0,1-18,0,0,0,2024,Duquesne University
"Jordan,Anez",1,0,1,0,0,0,0,0,0,0,0,0,0,0,2024,Duquesne University
"Lin,Aidan",0,1,1,0,0,0,0,0,0,0,0,0,0,0,2024,Duquesne University
"McAndrews,Ramon",1,0,1,0,0,0,0,0,0,0,0,0,0,0,2024,Duquesne University
"Van Dyke,Evan",1,0,1,0,0,0,0,0,0,0,0,0,0,0,2024,Duquesne University
"Royal,James",1,0,1,0,0,0,0,0,0,0,0,0,0,0,2024,Duquesne University
"Barmore,Cameron",0,0,0,0,0,0,0,0,0,0,0,0,0,0,2024,Duquesne University
"Davison,Rylan",0,0,0,0,0,0,0,0,0,0,0,0,0,0,2024,Duquesne University
"Black,Braydon",0,0,0,0,0,0,0,0,0,0,0,0,0,0,2024,Duquesne University
"Nagucki,Nathan",0,0,0,0,0,0,0,0,0,0,0,0,0,0,2024,Duquesne University
"Ferretti,Dillon",2,2,4,1.0,7,1.0,7,0,0,0,0,0,0,0,2024,Lincoln University
"Binakonsky,Elijah",4,0,4,0,0,0,0,0,0,0,0,0,0,0,2024,Lincoln University
"Hawkins Jr.,Mark",2,1,3,0,0,0,0,0,0,0,1-0,0,0,0,2024,Lincoln University
"Beckwith,Braylon",2,1,3,0,0,0,0,0,0,0,1-0,0,0,0,2024,Lincoln University
"Mackey,Anthony",1,1,2,0,0,0,0,0,0,0,0,1,0,0,2024,Lincoln University
"Banks,Damon",2,0,2,1.0,5,1.0,5,0,0,0,0,0,0,0,2024,Lincoln University
"Helsley,Zack",2,0,2,1.0,2,0,0,1,1,0,1-0,0,0,0,2024,Lincoln University
"Huguely,Keon'te",1,1,2,0,0,0,0,0,0,0,1-0,0,0,0,2024,Lincoln University
"Wright,Travell",1,1,2,0,0,0,0,0,0,0,0,0,0,0,2024,Lincoln University
"Novitski,Nevan",2,0,2,0,0,0,0,0,0,0,0,1,0,0,2024,Lincoln University
"Burchard,Sam",1,1,2,0,0,0,0,0,0,0,0,0,0,0,2024,Lincoln University
"Hill,Zach",2,0,2,0,0,0,0,0,0,0,0,0,0,0,2024,Lincoln University
"Royal,James",2,0,2,0,0,0,0,0,0,0,0,0,0,0,2024,Lincoln University
"McGhee,Dominic",1,0,1,0,0,0,0,0,0,0,1-0,0,0,0,2024,Lincoln University
"Lewis,Adrian",0,1,1,0,0,0,0,0,0,0,0,0,0,0,2024,Lincoln University
"Hill,Jaiden",1,0,1,0,0,0,0,0,0,0,0,0,0,0,2024,Lincoln University
"Dlugos,Daniel",1,0,1,0,0,0,0,0,0,0,0,0,0,0,2024,Lincoln University
"Mullins,Jerome",1,0,1,0,0,0,0,0,0,0,2-26,2,0,0,2024,Lincoln University
"Benedict,Tyler",0,1,1,0,0,0,0,0,0,0,0,0,0,0,2024,Lincoln University
"Askew,Jordan",0,1,1,0,0,0,0,0,0,0,0,0,1,0,2024,Lincoln University
"Bridges,Camariyon",1,0,1,0,0,0,0,0,0,0,0,0,0,0,2024,Lincoln University
"Cobb Jr.,Corey",0,1,1,0,0,0,0,0,0,0,0,0,0,0,2024,Lincoln University
"McAndrews,Ramon",1,0,1,0,0,0,0,0,0,0,0,0,0,0,2024,Lincoln University
"Williams,Nicholas",1,0,1,0,0,0,0,0,0,0,0,0,0,0,2024,Lincoln University
"White,Camden",1,0,1,0,0,0,0,0,0,0,0,0,0,0,2024,Lincoln University
"Foliaki,Roland",1,0,1,0,0,0,0,0,0,0,0,0,0,0,2024,Lincoln University
"Trobel,Brian",0,0,0,0,0,0,0,0,0,0,0,0,0,0,2024,Lincoln University
"Barmore,Cameron",0,0,0,0,0,0,0,0,0,0,0,0,0,0,2024,Lincoln University
"King,Jonas",0,0,0,0,0,0,0,0,0,0,0,0,0,0,2024,Lincoln University
"Kerbacher,Joe",0,0,0,0,0,0,0,0,0,0,0,0,0,0,2024,Lincoln University
"Davison,Rylan",0,0,0,0,0,0,0,0,0,0,0,0,0,0,2024,Lincoln University
"Urena,Austin",0,0,0,0,0,0,0,0,0,0,0,0,0,0,2024,Lincoln University
"Leavell,Jeff",0,0,0,0,0,0,0,0,0,0,0,1,0,0,2024,Lincoln University
"Pappas,Mike",0,0,0,0,0,0,0,0,0,0,0,0,0,0,2024,Lincoln University
"Knox,Ethen",0,0,0,0,0,0,0,0,0,0,0,0,0,0,2024,Lincoln University
"Nagucki,Nathan",0,0,0,0,0,0,0,0,0,0,0,0,0,0,2024,Lincoln University
"Buterbaugh,Tyler",9,6,15,0,0,0,0,1,0,0,0,1,0,0,2024,Saint Francis University
"Hill,Zach",4,8,12,0,0,0,0,0,0,0,0,0,0,0,2024,Saint Francis University
"Graham,Elijah",4,1,5,1.0,5,0,0,0,0,0,0,1,0,0,2024,Saint Francis University
"White,Camden",3,2,5,1.5,10,1.0,8,1,1,0,0,0,0,0,2024,Saint Francis University
"Novitski,Nevan",1,3,4,0,0,0,0,0,0,0,0,0,0,0,2024,Saint Francis University
"Malis,Max",1,2,3,0,0,0,0,0,0,0,0,0,0,0,2024,Saint Francis University
"Mackey,Anthony",1,2,3,0,0,0,0,0,0,0,0,0,0,0,2024,Saint Francis University
"Banks,Damon",1,2,3,1.5,4,1.0,2,0,0,0,0,0,0,0,2024,Saint Francis University
"McGhee,Dominic",1,2,3,0,0,0,0,0,1,0,0,0,0,0,2024,Saint Francis University
"Helsley,Zack",0,2,2,0,0,0,0,0,0,0,0,0,0,0,2024,Saint Francis University
"Lewis,Adrian",1,1,2,1.0,7,1.0,7,0,0,0,0,0,0,0,2024,Saint Francis University
"Leavell,Jeff",2,0,2,0,0,0,0,0,0,0,0,0,0,0,2024,Saint Francis University
"Ferretti,Dillon",0,1,1,0,0,0,0,0,0,0,0,0,0,0,2024,Saint Francis University
"King,Jonas",1,0,1,0,0,0,0,0,0,0,0,0,0,0,2024,Saint Francis University
"Huguely,Keon'te",0,1,1,0,0,0,0,0,0,0,0,0,0,0,2024,Saint Francis University
"Thomas,Will",1,0,1,0,0,0,0,0,0,0,0,0,0,0,2024,Saint Francis University
"Weis,Landon",0,1,1,0,0,0,0,0,0,0,0,0,0,0,2024,Saint Francis University
"Burchard,Sam",0,1,1,0,0,0,0,0,0,0,0,0,0,0,2024,Saint Francis University
"Beckwith,Braylon",1,0,1,0,0,0,0,0,0,0,0,0,0,0,2024,Saint Francis University
"Royal,James",0,1,1,0,0,0,0,0,0,0,0,0,0,0,2024,Saint Francis University
"Barmore,Cameron",0,0,0,0,0,0,0,0,0,0,0,0,0,0,2024,Saint Francis University
"Davis,Earnest",0,0,0,0,0,0,0,0,0,0,0,0,0,0,2024,Saint Francis University
"Welch,Ryan",0,0,0,0,0,0,0,0,0,0,0,0,0,0,2024,Saint Francis University
"Nagucki,Nathan",0,0,0,0,0,0,0,0,0,0,0,0,0,0,2024,Saint Francis University
"Leavell,Jeff",5,4,9,0,0,0,0,0,0,0,0,0,0,0,2025,RVYoungstown State
"Cloutier,JC",5,3,8,0,0,0,0,0,0,0,0,0,0,0,2025,RVYoungstown State
"Marshall,Adonis",4,3,7,0,0,0,0,0,0,0,0,0,0,0,2025,RVYoungstown State
"Allos,Jaiden",5,2,7,0,0,0,0,0,0,0,0,1,0,0,2025,RVYoungstown State
"Mackey,Anthony",1,5,6,0,0,0,0,0,0,0,0,0,0,0,2025,RVYoungstown State
"Laing,Kyler",1,5,6,0,0,0,0,0,0,0,0,0,0,2,2025,RVYoungstown State
"Cobb Jr.,Corey",1,4,5,1.0,8,1.0,8,0,0,0,0,0,0,0,2025,RVYoungstown State
"Wright,Travell",0,3,3,0.5,3,0,0,0,0,0,0,0,0,0,2025,RVYoungstown State
"McDuffie,Teddy",1,1,2,0,0,0,0,0,0,0,0,0,0,0,2025,RVYoungstown State
"Fleischood Jr.,Timmy",2,0,2,0,0,0,0,0,0,0,0,0,0,0,2025,RVYoungstown State
"King,Jonas",0,2,2,0.5,2,0,0,0,0,0,0,0,0,0,2025,RVYoungstown State
"Scharriter,Colin",1,1,2,0,0,0,0,0,0,0,0,0,0,0,2025,RVYoungstown State
"Beckwith,Braylon",0,2,2,0,0,0,0,0,0,0,0,1,0,0,2025,RVYoungstown State
"Miller,Jake",0,1,1,0,0,0,0,0,0,0,0,0,0,0,2025,RVYoungstown State
"Everette,Donovan",1,0,1,0,0,0,0,0,0,0,0,0,0,0,2025,RVYoungstown State
"Carter,Cedric",0,1,1,0,0,0,0,0,0,0,0,0,0,0,2025,RVYoungstown State
"Carter,Patrick",0,1,1,0,0,0,0,0,0,0,0,0,0,0,2025,RVYoungstown State
"Hawkins Jr.,Mark",0,1,1,0,0,0,0,0,0,0,0,0,0,0,2025,RVYoungstown State
"Harrington,Mark",0,1,1,0,0,0,0,0,0,0,0,0,0,0,2025,RVYoungstown State
"Mora,Sean",1,0,1,0,0,0,0,0,0,0,0,0,0,0,2025,RVYoungstown State
"Royal,James",1,0,1,0,0,0,0,0,0,0,0,0,0,0,2025,RVYoungstown State
"Trobel,Brian",0,0,0,0,0,0,0,0,0,0,0,0,0,0,2025,RVYoungstown State
"Van Dyke,Evan",0,0,0,0,0,0,0,0,0,0,0,0,0,0,2025,RVYoungstown State
"Hill,Jaiden",0,0,0,0,0,0,0,0,0,0,0,2,0,0,2025,RVYoungstown State
"Urena,Adam",0,0,0,0,0,0,0,0,0,0,0,0,0,0,2025,RVYoungstown State
"Evans,Dylan",0,0,0,0,0,0,0,0,0,0,0,0,0,0,2025,RVYoungstown State
"Young,Max",0,0,0,0,0,0,0,0,0,0,0,0,0,0,2025,RVYoungstown State
"Wright,Travell",3,2,5,0,0,0,0,0,0,0,0,0,0,0,2025,New Haven
"Hill,Jaiden",4,0,4,1.0,1,0,0,0,0,0,0,1,0,0,2025,New Haven
"Leavell,Jeff",1,3,4,0,0,0,0,0,0,0,0,0,0,0,2025,New Haven
"Fleischood Jr.,Timmy",1,2,3,0.5,0,0,0,0,0,0,0,0,0,0,2025,New Haven
"Mackey,Anthony",3,0,3,1.0,2,0,0,0,0,0,0,1,0,0,2025,New Haven
"Cloutier,JC",2,1,3,0,0,0,0,0,0,0,0,0,0,0,2025,New Haven
"Huguely,Keon'te",1,1,2,0,0,0,0,0,0,0,0,0,0,0,2025,New Haven
"Marshall,Adonis",2,0,2,0,0,0,0,0,0,0,0,0,0,0,2025,New Haven
"Dlugos,Daniel",1,1,2,0,0,0,0,0,0,0,0,0,0,0,2025,New Haven
"Hawkins Jr.,Mark",0,2,2,0,0,0,0,0,0,0,0,0,0,0,2025,New Haven
"Allos,Jaiden",2,0,2,0,0,0,0,0,0,0,0,1,0,0,2025,New Haven
"Cobb Jr.,Corey",1,1,2,0,0,0,0,0,0,0,0,0,0,0,2025,New Haven
"McDuffie,Teddy",0,1,1,0,0,0,0,0,0,0,0,0,0,0,2025,New Haven
"Everette,Donovan",1,0,1,0,0,0,0,0,0,0,0,0,0,0,2025,New Haven
"King,Jonas",0,1,1,0,0,0,0,0,0,0,0,0,0,0,2025,New Haven
"Thompson,Chris",0,1,1,0,0,0,0,0,0,0,0,1,0,0,2025,New Haven
"Jordan,Anez",1,0,1,0,0,0,0,0,0,0,0,1,0,0,2025,New Haven
"Scharriter,Colin",1,0,1,0,0,0,0,0,0,0,0,0,0,0,2025,New Haven
"Carter,Cedric",0,1,1,0.5,1,0,0,0,0,0,1-0,0,0,1,2025,New Haven
"Long,Anthony",0,1,1,0,0,0,0,0,0,0,0,0,0,0,2025,New Haven
"Binakonsky,Elijah",1,0,1,0,0,0,0,0,0,0,0,0,0,0,2025,New Haven
"Harrington,Mark",1,0,1,0,0,0,0,0,0,0,0,0,0,0,2025,New Haven
"Hampton,Shalik",1,0,1,0,0,0,0,0,0,0,0,0,0,0,2025,New Haven
"Ferguson,Shakile",1,0,1,0,0,0,0,0,0,0,0,0,0,0,2025,New Haven
"Trobel,Brian",0,0,0,0,0,0,0,0,0,0,0,0,0,0,2025,New Haven
"Rodriguez,Ayron",0,0,0,0,0,0,0,0,0,0,0,0,0,0,2025,New Haven
"Miller,Jake",0,0,0,0,0,0,0,0,0,0,0,1,0,0,2025,New Haven
"Davison,Rylan",0,0,0,0,0,0,0,0,0,0,0,0,0,0,2025,New Haven
"Laing,Kyler",0,0,0,0,0,0,0,0,0,0,0,0,0,1,2025,New Haven
"Evans,Dylan",0,0,0,0,0,0,0,0,0,0,0,0,0,0,2025,New Haven
"Wilson,Ashton",0,0,0,0,0,0,0,0,0,0,0,0,0,0,2025,New Haven
"Young,Max",0,0,0,0,0,0,0,0,0,0,0,0,0,0,2025,New Haven
"Mackey,Anthony",5,6,11,0,0,0,0,0,0,0,0,0,0,0,2025,#21Sacramento State
"Wright,Travell",2,5,7,0,0,0,0,0,0,0,0,1,0,0,2025,#21Sacramento State
"Cloutier,JC",2,4,6,0,0,0,0,0,0,0,0,1,0,0,2025,#21Sacramento State
"Leavell,Jeff",1,5,6,0,0,0,0,0,0,0,0,0,0,0,2025,#21Sacramento State
"Beckwith,Braylon",4,2,6,0,0,0,0,0,1,0,0,0,0,0,2025,#21Sacramento State
"Miller,Jake",3,2,5,1.0,1,0,0,1,0,0,0,0,0,0,2025,#21Sacramento State
"Cobb Jr.,Corey",2,3,5,0,0,0,0,0,0,0,0,0,0,0,2025,#21Sacramento State
"Everette,Donovan",1,1,2,0,0,0,0,0,0,0,0,0,0,0,2025,#21Sacramento State
"Huguely,Keon'te",1,1,2,0,0,0,0,0,0,0,0,0,0,0,2025,#21Sacramento State
"Thompson,Chris",1,1,2,0,0,0,0,0,0,0,0,0,0,0,2025,#21Sacramento State
"Hill,Jaiden",1,1,2,0,0,0,0,0,0,0,0,0,0,0,2025,#21Sacramento State
"Carter,Patrick",1,1,2,0,0,0,0,0,0,0,0,0,0,0,2025,#21Sacramento State
"Binakonsky,Elijah",1,1,2,0,0,0,0,0,0,0,0,0,0,0,2025,#21Sacramento State
"Allos,Jaiden",0,2,2,0,0,0,0,0,0,0,0,0,0,0,2025,#21Sacramento State
"Fleischood Jr.,Timmy",1,0,1,1.0,5,0,0,0,0,0,0,0,0,0,2025,#21Sacramento State
"Jordan,Anez",0,1,1,0,0,0,0,0,0,0,0,0,0,0,2025,#21Sacramento State
"Chaney II,Arron",0,1,1,0,0,0,0,0,0,0,0,0,0,0,2025,#21Sacramento State
"Carter,Cedric",0,1,1,0,0,0,0,0,0,0,0,0,0,0,2025,#21Sacramento State
"Hughley,AJ",0,1,1,0,0,0,0,0,0,0,0,0,0,0,2025,#21Sacramento State
"Marchbank,Mason",1,0,1,0,0,0,0,0,0,0,0,0,0,0,2025,#21Sacramento State
"McAndrews,Ramon",0,1,1,0,0,0,0,0,0,0,0,0,0,0,2025,#21Sacramento State
"Royal,James",1,0,1,0,0,0,0,0,0,0,0,0,0,0,2025,#21Sacramento State
"Trobel,Brian",0,0,0,0,0,0,0,0,0,0,0,0,0,0,2025,#21Sacramento State
"Rodriguez,Ayron",0,0,0,0,0,0,0,0,0,0,0,0,0,0,2025,#21Sacramento State
"King,Jonas",0,0,0,0,0,0,0,0,0,0,0,0,0,1,2025,#21Sacramento State
"Davison,Rylan",0,0,0,0,0,0,0,0,0,0,0,0,0,0,2025,#21Sacramento State
"Marshall,Adonis",0,0,0,0,0,0,0,0,0,0,0,1,0,0,2025,#21Sacramento State
"Urena,Adam",0,0,0,0,0,0,0,0,0,0,0,0,0,0,2025,#21Sacramento State
"Evans,Dylan",0,0,0,0,0,0,0,0,0,0,0,0,0,0,2025,#21Sacramento State
"Young,Max",0,0,0,0,0,0,0,0,0,0,0,0,0,0,2025,#21Sacramento State
"Leavell,Jeff",5,3,8,1.5,2,0,0,0,0,0,0,0,0,0,2025,#4/5Montana State
"Mackey,Anthony",3,3,6,0,0,0,0,0,0,0,0,0,0,0,2025,#4/5Montana State
"Miller,Jake",2,3,5,0,0,0,0,0,0,0,0,0,0,0,2025,#4/5Montana State
"Cloutier,JC",4,1,5,0,0,0,0,0,0,0,0,0,0,0,2025,#4/5Montana State
"Carter,Cedric",2,3,5,1.5,2,0,0,0,0,0,0,0,0,0,2025,#4/5Montana State
"Carter,Patrick",1,3,4,0,0,0,0,0,0,0,0,0,0,0,2025,#4/5Montana State
"Fleischood Jr.,Timmy",3,0,3,0,0,0,0,0,0,0,0,0,0,0,2025,#4/5Montana State
"Huguely,Keon'te",0,3,3,0.5,0,0,0,0,0,0,0,0,0,0,2025,#4/5Montana State
"Marshall,Adonis",3,0,3,0,0,0,0,0,0,0,0,0,0,0,2025,#4/5Montana State
"Beckwith,Braylon",1,2,3,0.5,2,0,0,0,0,0,0,0,0,0,2025,#4/5Montana State
"Wright,Travell",2,0,2,0,0,0,0,0,0,0,0,0,0,0,2025,#4/5Montana State
"King,Jonas",1,1,2,0,0,0,0,0,0,0,0,0,0,0,2025,#4/5Montana State
"Jordan,Anez",2,0,2,0,0,0,0,0,0,0,0,0,0,0,2025,#4/5Montana State
"Washington,Broderick",0,2,2,0,0,0,0,0,0,0,0,0,0,0,2025,#4/5Montana State
"Binakonsky,Elijah",2,0,2,0,0,0,0,0,0,0,0,0,0,0,2025,#4/5Montana State
"Cobb Jr.,Corey",0,2,2,0,0,0,0,0,0,0,0,0,0,0,2025,#4/5Montana State
"Lo-Ray,Shanard",1,1,2,0,0,0,0,0,0,0,0,0,0,0,2025,#4/5Montana State
"McDuffie,Teddy",1,0,1,0,0,0,0,0,0,0,0,0,0,0,2025,#4/5Montana State
"Laing,Kyler",1,0,1,0,0,0,0,0,0,0,0,0,0,0,2025,#4/5Montana State
"Hill,Jaiden",0,1,1,0,0,0,0,0,0,0,0,0,0,0,2025,#4/5Montana State
"Long,Anthony",1,0,1,0,0,0,0,0,0,0,0,0,0,0,2025,#4/5Montana State
"Vazquez,Alejandro",1,0,1,0,0,0,0,0,0,0,0,0,0,0,2025,#4/5Montana State
"Griffin,Lucien",1,0,1,0,0,0,0,0,0,0,0,0,0,0,2025,#4/5Montana State
"Thompson,Chris",0,0,0,0,0,0,0,0,0,0,1-0,1,0,0,2025,#4/5Montana State
"Urena,Adam",0,0,0,0,0,0,0,0,0,0,0,0,0,0,2025,#4/5Montana State
"Beckwith,Braylon",2,7,9,0,0,0,0,0,0,0,0,1,0,0,2025,#2South Dakota State
"Fleischood Jr.,Timmy",2,6,8,0.5,1,0,0,0,0,0,0,0,0,0,2025,#2South Dakota State
"Carter,Cedric",2,5,7,0.5,1,0,0,0,0,0,0,0,0,0,2025,#2South Dakota State
"Binakonsky,Elijah",1,4,5,0,0,0,0,0,0,0,0,0,0,0,2025,#2South Dakota State
"Wright,Travell",3,1,4,0,0,0,0,0,0,0,0,0,0,0,2025,#2South Dakota State
"Huguely,Keon'te",2,2,4,0,0,0,0,0,0,0,0,0,0,0,2025,#2South Dakota State
"Hawkins Jr.,Mark",4,0,4,0,0,0,0,0,0,0,0,0,0,0,2025,#2South Dakota State
"Laing,Kyler",1,2,3,0,0,0,0,0,0,0,0,0,0,0,2025,#2South Dakota State
"Thompson,Chris",3,0,3,0,0,0,0,0,0,0,0,0,0,0,2025,#2South Dakota State
"Jordan,Anez",3,0,3,0,0,0,0,0,0,0,0,0,0,0,2025,#2South Dakota State
"Leavell,Jeff",3,0,3,1.0,1,0,0,0,0,0,0,0,0,0,2025,#2South Dakota State
"McAndrews,Ramon",1,2,3,0,0,0,0,0,0,0,0,0,0,0,2025,#2South Dakota State
"McDuffie,Teddy",2,0,2,1.0,2,0,0,0,0,0,0,0,0,0,2025,#2South Dakota State
"Miller,Jake",0,2,2,0,0,0,0,0,0,0,0,0,0,0,2025,#2South Dakota State
"Scharriter,Colin",1,1,2,1.0,3,0,0,0,0,0,0,0,0,0,2025,#2South Dakota State
"Bridges,Camariyon",1,1,2,0,0,0,0,0,0,0,0,0,0,0,2025,#2South Dakota State
"Cobb Jr.,Corey",1,1,2,0,0,0,0,0,0,0,0,0,0,0,2025,#2South Dakota State
"Melendez,Colin",1,0,1,0,0,0,0,0,0,0,0,0,0,0,2025,#2South Dakota State
"Everette,Donovan",0,1,1,0,0,0,0,0,0,0,0,0,0,0,2025,#2South Dakota State
"Van Dyke,Evan",1,0,1,0,0,0,0,0,0,0,0,0,0,0,2025,#2South Dakota State
"Marshall,Adonis",1,0,1,0,0,0,0,0,0,0,0,0,0,0,2025,#2South Dakota State
"Chaney II,Arron",0,1,1,0,0,0,0,0,0,0,0,0,0,0,2025,#2South Dakota State
"Washington,Broderick",1,0,1,0,0,0,0,0,0,0,0,0,0,0,2025,#2South Dakota State
"Harrington,Mark",1,0,1,0,0,0,0,0,0,0,0,0,0,0,2025,#2South Dakota State
"Young,Max",0,0,0,0,0,0,0,0,0,0,0,0,0,0,2025,#2South Dakota State
"Leavell,Jeff",7,1,8,1.0,1,0,0,0,0,0,0,0,0,0,2025,LIU
"Huguely,Keon'te",5,0,5,0,0,0,0,0,0,0,0,0,0,0,2025,LIU
"Beckwith,Braylon",5,0,5,0,0,0,0,0,0,0,0,0,0,0,2025,LIU
"Marshall,Adonis",3,0,3,1.0,3,0,0,0,0,0,1--8,1,0,0,2025,LIU
"Allos,Jaiden",3,0,3,0,0,0,0,0,0,0,0,0,0,0,2025,LIU
"Miller,Jake",1,0,1,0,0,0,0,0,0,0,0,0,0,0,2025,LIU
"Laing,Kyler",1,0,1,1.0,1,0,0,0,0,0,0,0,0,0,2025,LIU
"Hill,Jaiden",1,0,1,0,0,0,0,0,0,0,0,0,0,0,2025,LIU
"Scharriter,Colin",0,1,1,0,0,0,0,0,0,0,0,0,0,0,2025,LIU
"Carter,Patrick",1,0,1,1.0,2,0,0,0,0,0,0,0,0,0,2025,LIU
"Long,Anthony",1,0,1,0,0,0,0,0,0,0,0,0,0,0,2025,LIU
"Binakonsky,Elijah",1,0,1,0,0,0,0,0,0,0,0,0,0,0,2025,LIU
"Hawkins Jr.,Mark",1,0,1,0,0,0,0,0,0,0,0,0,0,0,2025,LIU
"Harrington,Mark",1,0,1,0,0,0,0,0,0,0,0,0,0,0,2025,LIU
"Cobb Jr.,Corey",1,0,1,0,0,0,0,0,0,0,0,0,0,0,2025,LIU
"Yepez,Titus",1,0,1,0,0,0,0,0,0,0,0,0,0,0,2025,LIU
"Trobel,Brian",0,0,0,0,0,0,0,0,0,0,0,0,0,0,2025,LIU
"Van Dyke,Evan",0,0,0,0,0,0,0,0,0,0,0,0,0,0,2025,LIU
"Thompson,Chris",0,0,0,0,0,0,0,0,0,0,1-0,2,0,0,2025,LIU
"Gamble,Jameir",0,0,0,0,0,0,0,0,0,0,0,0,0,0,2025,LIU
"Young,Max",0,0,0,0,0,0,0,0,0,0,0,0,0,0,2025,LIU
"Marshall,Adonis",6,1,7,0,0,0,0,1,1,0,0,0,0,0,2025,Wagner
"Miller,Jake",4,2,6,1.0,1,0,0,0,0,0,0,1,0,0,2025,Wagner
"Laing,Kyler",3,3,6,2.5,14,2.5,14,0,0,0,0,0,0,2,2025,Wagner
"Leavell,Jeff",3,3,6,0,0,0,0,0,0,0,0,1,0,1,2025,Wagner
"Allos,Jaiden",4,2,6,0,0,0,0,0,0,0,0,1,0,0,2025,Wagner
"Beckwith,Braylon",3,2,5,0,0,0,0,0,0,0,0,1,0,0,2025,Wagner
"King,Jonas",2,2,4,1.0,5,0.5,4,0,0,0,0,0,0,2,2025,Wagner
"Mackey,Anthony",3,0,3,0,0,0,0,0,0,0,0,0,0,0,2025,Wagner
"Carter,Cedric",0,3,3,0,0,0,0,0,0,0,0,0,0,0,2025,Wagner
"Everette,Donovan",2,0,2,1.0,12,1.0,12,1,0,0,0,0,0,0,2025,Wagner
"Scharriter,Colin",0,2,2,0.5,1,0,0,0,0,0,0,0,0,0,2025,Wagner
"Lin,Aidan",2,0,2,0,0,0,0,0,0,0,0,0,0,0,2025,Wagner
"McDuffie,Teddy",1,0,1,0,0,0,0,0,0,0,0,0,0,0,2025,Wagner
"Huguely,Keon'te",0,1,1,0,0,0,0,0,0,0,0,0,0,0,2025,Wagner
"Lemmons,Amir",1,0,1,0,0,0,0,0,0,0,0,0,0,0,2025,Wagner
"Dlugos,Daniel",1,0,1,0,0,0,0,1,0,0,0,0,0,0,2025,Wagner
"Binakonsky,Elijah",1,0,1,0,0,0,0,0,0,0,0,0,0,0,2025,Wagner
"Cobb Jr.,Corey",1,0,1,0,0,0,0,0,0,0,0,0,0,0,2025,Wagner
"McAndrews,Ramon",0,1,1,0,0,0,0,0,0,0,0,0,0,0,2025,Wagner
"Trobel,Brian",0,0,0,0,0,0,0,0,0,0,0,0,0,0,2025,Wagner
"Thompson,Chris",0,0,0,0,0,0,0,0,0,0,0,1,0,0,2025,Wagner
"Jordan,Anez",0,0,0,0,0,0,0,0,0,0,0,1,0,0,2025,Wagner
"Young,Max",0,0,0,0,0,0,0,0,0,0,0,0,0,0,2025,Wagner
"Mackey,Anthony",4,5,9,0,0,0,0,0,0,0,0,0,0,0,2025,Duquesne
"Miller,Jake",2,5,7,0,0,0,0,0,0,0,0,0,0,0,2025,Duquesne
"King,Jonas",5,1,6,1.0,1,0,0,0,0,0,0,0,0,0,2025,Duquesne
"Beckwith,Braylon",4,2,6,0,0,0,0,0,0,0,0,0,0,0,2025,Duquesne
"Huguely,Keon'te",3,2,5,0,0,0,0,0,0,0,0,0,0,0,2025,Duquesne
"Leavell,Jeff",1,4,5,0,0,0,0,0,0,0,0,0,0,0,2025,Duquesne
"Lemmons,Amir",4,1,5,0,0,0,0,0,0,0,0,0,0,0,2025,Duquesne
"Scharriter,Colin",2,2,4,0,0,0,0,0,0,0,0,0,0,0,2025,Duquesne
"Carter,Cedric",3,1,4,1.5,4,0,0,0,0,0,0,0,0,0,2025,Duquesne
"Marshall,Adonis",1,1,2,0,0,0,0,0,0,0,0,0,0,0,2025,Duquesne
"Hawkins Jr.,Mark",2,0,2,0,0,0,0,0,0,0,0,0,0,0,2025,Duquesne
"Cobb Jr.,Corey",0,2,2,0,0,0,0,0,0,0,0,0,0,0,2025,Duquesne
"Wright,Travell",0,1,1,0.5,3,0,0,0,0,0,0,0,0,0,2025,Duquesne
"Laing,Kyler",1,0,1,0,0,0,0,0,0,0,0,0,0,0,2025,Duquesne
"Thompson,Chris",1,0,1,0,0,0,0,0,0,0,0,0,0,0,2025,Duquesne
"Hill,Jaiden",0,1,1,0,0,0,0,0,0,0,0,0,0,0,2025,Duquesne
"Binakonsky,Elijah",1,0,1,0,0,0,0,0,0,0,0,0,0,0,2025,Duquesne
"McAndrews,Ramon",1,0,1,0,0,0,0,0,0,0,0,0,0,0,2025,Duquesne
"Royal,James",1,0,1,0,0,0,0,0,0,0,0,0,0,0,2025,Duquesne
"Trobel,Brian",0,0,0,0,0,0,0,0,0,0,0,0,0,0,2025,Duquesne
"Urena,Adam",0,0,0,0,0,0,0,0,0,0,0,0,0,0,2025,Duquesne
"Carter,Patrick",0,0,0,0,0,0,0,0,0,0,1-15,0,0,0,2025,Duquesne
"Miller,Jake",3,7,10,0.5,2,0,0,0,0,0,0,0,0,0,2025,Stonehill
"Mackey,Anthony",6,3,9,1.0,1,0,0,0,0,0,0,0,0,0,2025,Stonehill
"Leavell,Jeff",5,3,8,0,0,0,0,0,0,0,0,0,0,0,2025,Stonehill
"Beckwith,Braylon",5,2,7,1.0,1,0,0,0,0,0,0,1,0,0,2025,Stonehill
"Laing,Kyler",2,4,6,1.5,2,0,0,0,0,0,0,0,0,2,2025,Stonehill
"Marshall,Adonis",3,1,4,0,0,0,0,0,0,0,1-3,0,0,0,2025,Stonehill
"King,Jonas",2,1,3,2.5,6,0,0,0,0,0,0,0,0,0,2025,Stonehill
"Huguely,Keon'te",1,1,2,1.5,11,1.0,10,0,0,0,0,0,0,0,2025,Stonehill
"Allos,Jaiden",1,1,2,0,0,0,0,0,0,0,0,0,0,0,2025,Stonehill
"Davison,Rylan",1,0,1,0,0,0,0,0,0,0,0,0,0,0,2025,Stonehill
"Chaney II,Arron",0,1,1,0,0,0,0,0,0,0,0,0,0,0,2025,Stonehill
"Scharriter,Colin",0,1,1,0,0,0,0,0,0,0,0,0,0,0,2025,Stonehill
"Carter,Cedric",1,0,1,0,0,0,0,0,0,0,0,0,0,0,2025,Stonehill
"Carter,Patrick",1,0,1,0,0,0,0,0,0,0,0,0,0,0,2025,Stonehill
"Hawkins Jr.,Mark",1,0,1,0,0,0,0,0,0,0,0,0,0,0,2025,Stonehill
"Bridges,Camariyon",1,0,1,0,0,0,0,0,0,0,0,0,0,0,2025,Stonehill
"McAndrews,Ramon",0,1,1,0,0,0,0,0,0,0,0,0,0,0,2025,Stonehill
"Lo-Ray,Shanard",1,0,1,0,0,0,0,0,0,0,0,0,0,0,2025,Stonehill
"Rodriguez,Ayron",0,0,0,0,0,0,0,0,0,0,0,0,0,0,2025,Stonehill
"Kerbacher,Joe",0,0,0,0,0,0,0,0,0,0,0,0,0,0,2025,Stonehill
"Evans,Dylan",0,0,0,0,0,0,0,0,0,0,0,0,0,0,2025,Stonehill
"Young,Max",0,0,0,0,0,0,0,0,0,0,0,0,0,0,2025,Stonehill
"Binakonsky,Elijah",7,5,12,0.5,1,0,0,0,0,0,0,1,0,0,2025,Saint Francis
"Miller,Jake",4,5,9,1.0,3,0,0,0,0,0,0,0,0,0,2025,Saint Francis
"Leavell,Jeff",1,6,7,0,0,0,0,0,0,0,0,0,0,0,2025,Saint Francis
"Beckwith,Braylon",2,3,5,1.0,2,0,0,0,0,0,0,1,0,0,2025,Saint Francis
"King,Jonas",1,3,4,1.5,6,0,0,0,0,0,0,0,0,0,2025,Saint Francis
"Laing,Kyler",3,1,4,1.0,6,0,0,0,0,0,0,0,0,0,2025,Saint Francis
"Marshall,Adonis",3,1,4,0,0,0,0,0,0,0,0,1,0,0,2025,Saint Francis
"Hill,Jaiden",1,2,3,0,0,0,0,0,0,0,0,1,0,0,2025,Saint Francis
"Scharriter,Colin",0,3,3,0.5,1,0,0,0,0,0,0,1,0,0,2025,Saint Francis
"Harrington,Mark",0,3,3,0,0,0,0,0,0,0,0,0,0,0,2025,Saint Francis
"Wright,Travell",0,2,2,0,0,0,0,0,0,0,0,0,0,0,2025,Saint Francis
"Huguely,Keon'te",1,1,2,0,0,0,0,0,0,0,0,0,1,0,2025,Saint Francis
"Jordan,Anez",1,1,2,0,0,0,0,0,0,0,0,0,0,0,2025,Saint Francis
"Carter,Cedric",1,1,2,0,0,0,0,0,0,0,0,0,0,0,2025,Saint Francis
"Washington,Broderick",1,1,2,0,0,0,0,0,0,0,0,0,0,0,2025,Saint Francis
"Vazquez,Alejandro",0,2,2,0,0,0,0,0,0,0,0,0,0,0,2025,Saint Francis
"Cobb Jr.,Corey",1,1,2,0,0,0,0,0,0,0,0,0,0,0,2025,Saint Francis
"Royal,James",0,2,2,0.5,0,0,0,0,0,0,0,0,0,0,2025,Saint Francis
"Melendez,Colin",0,1,1,0,0,0,0,0,0,0,0,0,0,0,2025,Saint Francis
"Everette,Donovan",0,1,1,0,0,0,0,0,0,0,0,0,0,0,2025,Saint Francis
"Thompson,Chris",1,0,1,0,0,0,0,0,0,0,0,2,0,0,2025,Saint Francis
"Lemmons,Amir",1,0,1,0,0,0,0,0,0,0,0,0,0,0,2025,Saint Francis
"Grabowsky,Blaze",0,1,1,0,0,0,0,0,0,0,0,0,0,0,2025,Saint Francis
"Bridges,Camariyon",1,0,1,0,0,0,0,0,0,0,0,0,0,0,2025,Saint Francis
"Miller,Ryan",0,1,1,0,0,0,0,0,0,0,0,0,0,0,2025,Saint Francis
"Knox,Ethen",0,1,1,0,0,0,0,0,0,0,0,0,0,0,2025,Saint Francis
"Petros,Samuel",0,1,1,0,0,0,0,0,0,0,0,0,0,0,2025,Saint Francis
"Gary,Cadavius",0,1,1,0,0,0,0,0,0,0,0,0,0,0,2025,Saint Francis
"McAndrews,Ramon",1,0,1,0,0,0,0,0,0,0,0,0,0,0,2025,Saint Francis
"Woods,Jason",1,0,1,0,0,0,0,0,0,0,0,0,0,0,2025,Saint Francis
"Lo-Ray,Shanard",1,0,1,0,0,0,0,0,0,0,0,0,0,0,2025,Saint Francis
"Trobel,Brian",0,0,0,0,0,0,0,0,0,0,0,0,0,0,2025,Saint Francis
"Urena,Adam",0,0,0,0,0,0,0,0,0,0,0,0,0,0,2025,Saint Francis
"Evans,Dylan",0,0,0,0,0,0,0,0,0,0,0,0,0,0,2025,Saint Francis
"Young,Max",0,0,0,0,0,0,0,0,0,0,0,0,0,0,2025,Saint Francis
"Miller,Jake",4,3,7,0.5,1,0,0,1,0,0,0,0,0,0,2025,Robert Morris
"Leavell,Jeff",6,0,6,0,0,0,0,0,0,0,0,0,0,0,2025,Robert Morris
"Beckwith,Braylon",2,4,6,0,0,0,0,0,0,0,0,0,0,0,2025,Robert Morris
"King,Jonas",3,2,5,2.0,8,1.0,4,0,0,0,0,0,0,0,2025,Robert Morris
"McDuffie,Teddy",2,2,4,0,0,0,0,0,0,0,0,0,0,0,2025,Robert Morris
"Mackey,Anthony",3,1,4,0,0,0,0,0,0,0,0,0,0,0,2025,Robert Morris
"Everette,Donovan",2,2,4,1.5,3,0,0,0,0,0,0,2,0,0,2025,Robert Morris
"Laing,Kyler",3,0,3,1.0,5,1.0,5,0,0,0,0,0,0,0,2025,Robert Morris
"Scharriter,Colin",2,1,3,0,0,0,0,0,0,0,0,0,0,0,2025,Robert Morris
"Wright,Travell",0,1,1,0,0,0,0,0,0,0,0,0,0,0,2025,Robert Morris
"Huguely,Keon'te",1,0,1,0,0,0,0,0,0,0,0,0,0,0,2025,Robert Morris
"Thompson,Chris",1,0,1,0,0,0,0,0,0,0,0,0,0,0,2025,Robert Morris
"Marshall,Adonis",1,0,1,0,0,0,0,0,0,0,0,0,0,0,2025,Robert Morris
"Carter,Patrick",1,0,1,0,0,0,0,0,0,0,0,0,0,0,2025,Robert Morris
"Binakonsky,Elijah",1,0,1,0,0,0,0,0,0,0,0,0,0,0,2025,Robert Morris
"Allos,Jaiden",1,0,1,1.0,7,1.0,7,0,1,0,0,0,0,0,2025,Robert Morris
"Knox,Ethen",1,0,1,0,0,0,0,0,0,0,0,0,0,0,2025,Robert Morris
"Ferguson,Shakile",1,0,1,0,0,0,0,0,0,0,0,0,0,0,2025,Robert Morris
"Lo-Ray,Shanard",1,0,1,0,0,0,0,0,0,0,0,0,0,0,2025,Robert Morris
"Trobel,Brian",0,0,0,0,0,0,0,0,0,0,0,0,0,0,2025,Robert Morris
"Lewis,Camden",0,0,0,0,0,0,0,0,0,0,0,0,0,0,2025,Robert Morris
"Young,Max",0,0,0,0,0,0,0,0,0,0,0,0,0,0,2025,Robert Morris
"Leavell,Jeff",4,6,10,0,0,0,0,0,0,0,0,0,0,0,2025,Central Connecticut State
"Mackey,Anthony",8,1,9,0,0,0,0,0,0,0,0,0,0,0,2025,Central Connecticut State
"Miller,Jake",3,6,9,1.5,4,0,0,0,0,0,0,0,0,0,2025,Central Connecticut State
"Beckwith,Braylon",5,3,8,2.0,8,0,0,0,0,0,0,0,0,0,2025,Central Connecticut State
"Laing,Kyler",1,5,6,0,0,0,0,0,0,0,0,0,0,0,2025,Central Connecticut State
"Allos,Jaiden",4,2,6,1.0,2,0,0,0,0,0,0,0,0,0,2025,Central Connecticut State
"King,Jonas",1,2,3,0,0,0,0,0,0,0,0,0,0,0,2025,Central Connecticut State
"Royal,James",0,3,3,0.5,1,0,0,0,0,0,0,0,0,0,2025,Central Connecticut State
"Huguely,Keon'te",0,2,2,0,0,0,0,0,0,0,0,0,0,0,2025,Central Connecticut State
"Marshall,Adonis",1,1,2,0,0,0,0,0,0,0,0,1,0,0,2025,Central Connecticut State
"Scharriter,Colin",0,2,2,0.5,1,0,0,0,0,0,0,0,0,0,2025,Central Connecticut State
"Askew,Jonny",2,0,2,0,0,0,0,0,0,0,0,0,0,0,2025,Central Connecticut State
"McAndrews,Ramon",0,2,2,0,0,0,0,0,0,0,0,0,0,0,2025,Central Connecticut State
"Rodriguez,Ayron",0,1,1,0,0,0,0,0,0,0,0,0,0,0,2025,Central Connecticut State
"Everette,Donovan",1,0,1,0,0,0,0,0,0,0,0,0,0,0,2025,Central Connecticut State
"Jordan,Anez",1,0,1,0,0,0,0,0,0,0,0,0,0,0,2025,Central Connecticut State
"Carter,Cedric",0,1,1,0.5,2,0,0,0,0,0,0,0,0,1,2025,Central Connecticut State
"Lin,Aidan",1,0,1,0,0,0,0,0,0,0,0,0,0,0,2025,Central Connecticut State
"Jones,Payton",0,1,1,0,0,0,0,0,0,0,0,0,0,0,2025,Central Connecticut State
"Cobb Jr.,Corey",1,0,1,0,0,0,0,0,0,0,0,0,0,0,2025,Central Connecticut State
"Trobel,Brian",0,0,0,0,0,0,0,0,0,0,0,0,0,0,2025,Central Connecticut State
"Wright-Rawls,Taylor",0,0,0,0,0,0,0,0,0,0,0,0,0,0,2025,Central Connecticut State
"Thompson,Chris",0,0,0,0,0,0,0,0,0,0,1-51,0,0,0,2025,Central Connecticut State
"Evans,Dylan",0,0,0,0,0,0,0,0,0,0,0,0,0,0,2025,Central Connecticut State
"Bridges,Camariyon",0,0,0,0,0,0,0,0,1,0,0,0,0,0,2025,Central Connecticut State
"Young,Max",0,0,0,0,0,0,0,0,0,0,0,0,0,0,2025,Central Connecticut State
